ticker,reason
AMD,no_rows_in_batch
AVGO,no_rows_in_batch
GOOG,no_rows_in_batch
META,no_rows_in_batch
NFLX,no_rows_in_batch
ORCL,no_rows_in_batch
TSLA,no_rows_in_batch
APP,no_rows_in_batch
CEG,no_rows_in_batch
CRWD,no_rows_in_batch
DDOG,no_rows_in_batch
DELL,no_rows_in_batch
KLAC,no_rows_in_batch
LRCX,no_rows_in_batch
MPWR,no_rows_in_batch
MRVL,no_rows_in_batch
MU,no_rows_in_batch
PANW,no_rows_in_batch
PLTR,no_rows_in_batch
SMCI,no_rows_in_batch
TER,no_rows_in_batch
FSLR,no_rows_in_batch
AAPL,no_rows_in_batch
ADBE,no_rows_in_batch
ALAB,no_rows_in_batch
AMZN,no_rows_in_batch
ARM,no_rows_in_batch
ASML,no_rows_in_batch
CRM,no_rows_in_batch
GOOGL,no_rows_in_batch
MDB,no_rows_in_batch
MELI,no_rows_in_batch
MSFT,no_rows_in_batch
MSTR,no_rows_in_batch
NOW,no_rows_in_batch
NVDA,no_rows_in_batch
RKLB,no_rows_in_batch
SHOP,no_rows_in_batch
ZS,no_rows_in_batch
ABNB,no_rows_in_batch
ADI,no_rows_in_batch
ADP,no_rows_in_batch
AEP,no_rows_in_batch
AKAM,no_rows_in_batch
ALGN,no_rows_in_batch
AMAT,no_rows_in_batch
ANET,no_rows_in_batch
AXON,no_rows_in_batch
BIIB,no_rows_in_batch
BKR,no_rows_in_batch
CDNS,no_rows_in_batch
CDW,no_rows_in_batch
CHRW,no_rows_in_batch
CHTR,no_rows_in_batch
CMCSA,no_rows_in_batch
COIN,no_rows_in_batch
CPRT,no_rows_in_batch
CSGP,no_rows_in_batch
CSX,no_rows_in_batch
CTAS,no_rows_in_batch
CTSH,no_rows_in_batch
DASH,no_rows_in_batch
DLTR,no_rows_in_batch
DXCM,no_rows_in_batch
EA,no_rows_in_batch
EBAY,no_rows_in_batch
ENPH,no_rows_in_batch
EQIX,no_rows_in_batch
EXC,no_rows_in_batch
EXPD,no_rows_in_batch
EXPE,no_rows_in_batch
FANG,no_rows_in_batch
FFIV,no_rows_in_batch
FLEX,no_rows_in_batch
FOX,no_rows_in_batch
FOXA,no_rows_in_batch
FTNT,no_rows_in_batch
GEHC,no_rows_in_batch
GEV,no_rows_in_batch
GRMN,no_rows_in_batch
HAS,no_rows_in_batch
HON,no_rows_in_batch
HOOD,no_rows_in_batch
HSIC,no_rows_in_batch
IDXX,no_rows_in_batch
INCY,no_rows_in_batch
JBHT,no_rows_in_batch
KDP,no_rows_in_batch
KHC,no_rows_in_batch
LIN,no_rows_in_batch
LITE,no_rows_in_batch
LULU,no_rows_in_batch
MAR,no_rows_in_batch
MCHP,no_rows_in_batch
MNST,no_rows_in_batch
MRNA,no_rows_in_batch
NCLH,no_rows_in_batch
NTAP,no_rows_in_batch
NWSA,no_rows_in_batch
NXPI,no_rows_in_batch
ODFL,no_rows_in_batch
ON,no_rows_in_batch
ORLY,no_rows_in_batch
PEP,no_rows_in_batch
PYPL,no_rows_in_batch
REGN,no_rows_in_batch
ROP,no_rows_in_batch
ROST,no_rows_in_batch
SBAC,no_rows_in_batch
SNDK,no_rows_in_batch
SNPS,no_rows_in_batch
STLD,no_rows_in_batch
STX,no_rows_in_batch
SWKS,no_rows_in_batch
TMUS,no_rows_in_batch
TSCO,no_rows_in_batch
TTD,no_rows_in_batch
TTWO,no_rows_in_batch
TXN,no_rows_in_batch
UAL,no_rows_in_batch
ULTA,no_rows_in_batch
VRSK,no_rows_in_batch
VRSN,no_rows_in_batch
VRT,no_rows_in_batch
WBD,no_rows_in_batch
WDAY,no_rows_in_batch
WDC,no_rows_in_batch
WMT,no_rows_in_batch
WTW,no_rows_in_batch
WYNN,no_rows_in_batch
XEL,no_rows_in_batch
AAL,no_rows_in_batch
AEOS,no_rows_in_batch
ALNY,no_rows_in_batch
ALTR,no_rows_in_batch
ALXN,no_rows_in_batch
AMLN,no_rows_in_batch
ANSS,no_rows_in_batch
APCC,no_rows_in_batch
APOL,no_rows_in_batch
ASTS,no_rows_in_batch
ATVI,no_rows_in_batch
AZN,no_rows_in_batch
BATRA,no_rows_in_batch
BATRK,no_rows_in_batch
BBBY,no_rows_in_batch
BEAS,no_rows_in_batch
BIDU,no_rows_in_batch
BMC,no_rows_in_batch
BMET,no_rows_in_batch
BMRN,no_rows_in_batch
CA,no_rows_in_batch
CCEP,no_rows_in_batch
CDWC,no_rows_in_batch
CELG,no_rows_in_batch
CELH,no_rows_in_batch
CEPH,no_rows_in_batch
CERN,no_rows_in_batch
CHKP,no_rows_in_batch
CKFR,no_rows_in_batch
CMVT,no_rows_in_batch
CRWV,no_rows_in_batch
CTRX,no_rows_in_batch
CTXS,no_rows_in_batch
DISCA,no_rows_in_batch
DISCK,no_rows_in_batch
DISH,no_rows_in_batch
DOCU,no_rows_in_batch
DTV,no_rows_in_batch
ENDP,no_rows_in_batch
ERIC,no_rows_in_batch
ESRX,no_rows_in_batch
FER,no_rows_in_batch
FI,no_rows_in_batch
FLIR,no_rows_in_batch
FMCN,no_rows_in_batch
FOSL,no_rows_in_batch
FWLT,no_rows_in_batch
GENZ,no_rows_in_batch
GFS,no_rows_in_batch
GMCR,no_rows_in_batch
GOLD,no_rows_in_batch
HANS,no_rows_in_batch
HIMS,no_rows_in_batch
HOLX,no_rows_in_batch
IACI,no_rows_in_batch
ILMN,no_rows_in_batch
INFY,no_rows_in_batch
INSM,no_rows_in_batch
IONQ,no_rows_in_batch
JAVA,no_rows_in_batch
JD,no_rows_in_batch
JNPR,no_rows_in_batch
JOYG,no_rows_in_batch
KFT,no_rows_in_batch
KRFT,no_rows_in_batch
LAMR,no_rows_in_batch
LBTYA,no_rows_in_batch
LBTYK,no_rows_in_batch
LCID,no_rows_in_batch
LEAP,no_rows_in_batch
LIFE,no_rows_in_batch
LILA,no_rows_in_batch
LILAK,no_rows_in_batch
LLTC,no_rows_in_batch
LMCA,no_rows_in_batch
LMCK,no_rows_in_batch
LOGI,no_rows_in_batch
LVLT,no_rows_in_batch
MAT,no_rows_in_batch
MEDI,no_rows_in_batch
MICC,no_rows_in_batch
MTCH,no_rows_in_batch
MXIM,no_rows_in_batch
MYL,no_rows_in_batch
NBIS,no_rows_in_batch
NET,no_rows_in_batch
NIHD,no_rows_in_batch
NLOK,no_rows_in_batch
NLTI,no_rows_in_batch
NTES,no_rows_in_batch
NUAN,no_rows_in_batch
NXT,no_rows_in_batch
OKLO,no_rows_in_batch
OKTA,no_rows_in_batch
PCLN,no_rows_in_batch
PDCO,no_rows_in_batch
PDD,no_rows_in_batch
PETM,no_rows_in_batch
PPDI,no_rows_in_batch
PRGO,no_rows_in_batch
PTEN,no_rows_in_batch
PTON,no_rows_in_batch
QBTS,no_rows_in_batch
QGEN,no_rows_in_batch
QRTEA,no_rows_in_batch
RGTI,no_rows_in_batch
RIMM,no_rows_in_batch
RIVN,no_rows_in_batch
RYAAY,no_rows_in_batch
SE,no_rows_in_batch
SEPR,no_rows_in_batch
SGEN,no_rows_in_batch
SHLD,no_rows_in_batch
SHPG,no_rows_in_batch
SIAL,no_rows_in_batch
SIRI,no_rows_in_batch
SNOW,no_rows_in_batch
SOLS,no_rows_in_batch
SOUN,no_rows_in_batch
SPLK,no_rows_in_batch
SPLS,no_rows_in_batch
SRCL,no_rows_in_batch
STRZA,no_rows_in_batch
TCOM,no_rows_in_batch
TEAM,no_rows_in_batch
TEVA,no_rows_in_batch
TLAB,no_rows_in_batch
TRI,no_rows_in_batch
TRIP,no_rows_in_batch
TSM,no_rows_in_batch
UAUA,no_rows_in_batch
URBN,no_rows_in_batch
VIAB,no_rows_in_batch
VIP,no_rows_in_batch
VMED,no_rows_in_batch
VOD,no_rows_in_batch
VSNT,no_rows_in_batch
WBA,no_rows_in_batch
WCRX,no_rows_in_batch
WFM,no_rows_in_batch
WFMI,no_rows_in_batch
XLNX,no_rows_in_batch
XMSR,no_rows_in_batch
XRAY,no_rows_in_batch
YHOO,no_rows_in_batch
ZM,no_rows_in_batch
A,no_rows_in_batch
ABBV,no_rows_in_batch
ABT,no_rows_in_batch
ACGL,no_rows_in_batch
ACN,no_rows_in_batch
ADM,no_rows_in_batch
ADSK,no_rows_in_batch
AEE,no_rows_in_batch
AES,no_rows_in_batch
AFL,no_rows_in_batch
AIG,no_rows_in_batch
AIZ,no_rows_in_batch
AJG,no_rows_in_batch
ALB,no_rows_in_batch
ALL,no_rows_in_batch
ALLE,no_rows_in_batch
AMCR,no_rows_in_batch
AME,no_rows_in_batch
AMGN,no_rows_in_batch
AMP,no_rows_in_batch
AMT,no_rows_in_batch
AON,no_rows_in_batch
AOS,no_rows_in_batch
APA,no_rows_in_batch
APD,no_rows_in_batch
APH,no_rows_in_batch
APO,no_rows_in_batch
APTV,no_rows_in_batch
ARE,no_rows_in_batch
ARES,no_rows_in_batch
ATO,no_rows_in_batch
AVB,no_rows_in_batch
AVY,no_rows_in_batch
AWK,no_rows_in_batch
AXP,no_rows_in_batch
AZO,no_rows_in_batch
BA,no_rows_in_batch
BAC,no_rows_in_batch
BALL,no_rows_in_batch
BAX,no_rows_in_batch
BBY,no_rows_in_batch
BDX,no_rows_in_batch
BE,no_rows_in_batch
