ablation,dropped_features,kept_features,pr_auc,roc_auc,top3_rows,precision_at_top3,top3_avg_future_return_1m,top3_avg_future_return_2m,top3_avg_future_return_3m,top3_avg_future_max_return_1_3m,top3_hit30_rate,top3_hit40_rate,top3_hit50_rate,top3_hit100_rate,monthly_any_top3_hit30_rate,monthly_any_top3_hit50_rate,monthly_any_top3_hit100_rate,top5_rows,precision_at_top5,top5_avg_future_return_1m,top5_avg_future_return_2m,top5_avg_future_return_3m,top5_avg_future_max_return_1_3m,top5_hit30_rate,top5_hit40_rate,top5_hit50_rate,top5_hit100_rate,monthly_any_top5_hit30_rate,monthly_any_top5_hit50_rate,monthly_any_top5_hit100_rate,top10_rows,precision_at_top10,top10_avg_future_return_1m,top10_avg_future_return_2m,top10_avg_future_return_3m,top10_avg_future_max_return_1_3m,top10_hit30_rate,top10_hit40_rate,top10_hit50_rate,top10_hit100_rate,monthly_any_top10_hit30_rate,monthly_any_top10_hit50_rate,monthly_any_top10_hit100_rate,delta_top3_future_max_vs_main
drop_risk_drawdown,19,90,0.2916665128780406,0.8523601830491169,99,0.37373737373737376,0.13960172586729727,0.22563050390126999,0.26966367902124017,0.44845473405916464,0.37373737373737376,0.32323232323232326,0.29292929292929293,0.12121212121212122,0.696969696969697,0.5757575757575758,0.30303030303030304,165,0.4303030303030303,0.16727883933447985,0.26479433356509613,0.31015386027383934,0.488332335861846,0.43636363636363634,0.3878787878787879,0.3333333333333333,0.14545454545454545,0.7878787878787878,0.696969696969697,0.42424242424242425,330,0.43636363636363634,0.1321641037120862,0.2597255056521146,0.4013477954110894,0.5621823975763393,0.44242424242424244,0.38484848484848483,0.3242424242424242,0.15151515151515152,0.8787878787878788,0.8181818181818182,0.5757575757575758,-0.05705449193832518
drop_trend,12,97,0.29472636803328395,0.8530432472909081,99,0.42424242424242425,0.09975504894994099,0.20069894221011506,0.28863281191389384,0.45509288589871727,0.43434343434343436,0.3838383838383838,0.35353535353535354,0.1111111111111111,0.7272727272727273,0.6666666666666666,0.2727272727272727,165,0.46060606060606063,0.13302378265564854,0.28273328671932124,0.5019850705906574,0.6611240549891152,0.4666666666666667,0.40606060606060607,0.3696969696969697,0.15151515151515152,0.8484848484848485,0.7878787878787878,0.48484848484848486,330,0.42424242424242425,0.12848196238793846,0.2745940193516146,0.41127447368198744,0.5791758448684515,0.43333333333333335,0.3696969696969697,0.3212121212121212,0.15151515151515152,0.9393939393939394,0.8181818181818182,0.6060606060606061,-0.05041634009877255
drop_liquidity_size,11,98,0.2837057536943349,0.8462953145009057,99,0.43434343434343436,0.12882307305938898,0.233931513412433,0.279582504168618,0.47424725485806546,0.43434343434343436,0.40404040404040403,0.37373737373737376,0.13131313131313133,0.6666666666666666,0.6363636363636364,0.30303030303030304,165,0.4121212121212121,0.11391722840267786,0.21339337998338243,0.28876938876613933,0.4753116093435816,0.41818181818181815,0.38181818181818183,0.34545454545454546,0.13333333333333333,0.7878787878787878,0.696969696969697,0.3939393939393939,330,0.41818181818181815,0.11162727210982482,0.197538519910207,0.32408378775823193,0.4932236844830234,0.42727272727272725,0.36363636363636365,0.296969696969697,0.1303030303030303,0.9393939393939394,0.8484848484848485,0.5454545454545454,-0.03126197113942436
drop_relative_strength,4,105,0.2902090879953469,0.8525012697002552,99,0.43434343434343436,0.12622853599959258,0.2293786515532261,0.31423051612571895,0.47852221543862017,0.43434343434343436,0.3939393939393939,0.36363636363636365,0.1111111111111111,0.7272727272727273,0.696969696969697,0.2727272727272727,165,0.4121212121212121,0.10574503816656862,0.21680096667207732,0.3620673816294105,0.5079251128373956,0.41818181818181815,0.38181818181818183,0.34545454545454546,0.13333333333333333,0.7878787878787878,0.7575757575757576,0.42424242424242425,330,0.39090909090909093,0.10993932812781289,0.25450810738494606,0.39806708298783705,0.5612171322927425,0.4,0.35454545454545455,0.30606060606060603,0.14242424242424243,0.8484848484848485,0.8181818181818182,0.6060606060606061,-0.02698701055886965
drop_qqq_context,4,105,0.3006145639988827,0.8537800714640903,99,0.40404040404040403,0.15146970495905795,0.28099621752780385,0.3374768976392138,0.5155082389090652,0.41414141414141414,0.37373737373737376,0.3434343434343434,0.1414141414141414,0.696969696969697,0.6060606060606061,0.42424242424242425,165,0.4303030303030303,0.14521680851330912,0.2826734858514402,0.3800410229658179,0.5555026566380603,0.43636363636363634,0.3939393939393939,0.3575757575757576,0.15757575757575756,0.7878787878787878,0.696969696969697,0.48484848484848486,330,0.41818181818181815,0.12594472162860973,0.2690865513593079,0.4166665652949925,0.5830048282429133,0.42727272727272725,0.37272727272727274,0.3242424242424242,0.17272727272727273,0.9090909090909091,0.7878787878787878,0.5757575757575758,0.009999012911575345
drop_volume_flow,9,100,0.2937962786954443,0.8528270930949005,99,0.46464646464646464,0.18254930539407607,0.29537970337597214,0.42737853311682744,0.6234542760595507,0.47474747474747475,0.42424242424242425,0.35353535353535354,0.1414141414141414,0.7575757575757576,0.6666666666666666,0.3939393939393939,165,0.4484848484848485,0.16214817339133758,0.2911571769307763,0.4094120988677971,0.5873005983106291,0.45454545454545453,0.4121212121212121,0.3393939393939394,0.16363636363636364,0.8787878787878788,0.7272727272727273,0.48484848484848486,330,0.4303030303030303,0.11130802928703247,0.26573078203021283,0.4088301531019863,0.5777785082102314,0.43636363636363634,0.38484848484848483,0.3212121212121212,0.1484848484848485,0.9393939393939394,0.8181818181818182,0.5757575757575758,0.11794505006206091
drop_core_momentum,14,95,0.30339396557309684,0.8540322602044362,99,0.48484848484848486,0.17173996668801225,0.3316992090834875,0.4488182625742146,0.6344266379238307,0.48484848484848486,0.45454545454545453,0.42424242424242425,0.15151515151515152,0.7575757575757576,0.696969696969697,0.3939393939393939,165,0.4666666666666667,0.1320362633637457,0.27709775148849164,0.3974379013469976,0.5513720873264235,0.4666666666666667,0.43636363636363634,0.4,0.15151515151515152,0.8484848484848485,0.7878787878787878,0.45454545454545453,330,0.41515151515151516,0.1242611687332805,0.2639413085226851,0.3955788015829966,0.5721462396527556,0.4212121212121212,0.36666666666666664,0.3212121212121212,0.15151515151515152,0.8787878787878788,0.7878787878787878,0.5757575757575758,0.12891741192634087
drop_volatility_frequency,11,98,0.29519212770736253,0.850763279578709,99,0.47474747474747475,0.13512935852777613,0.34143439366078704,0.5460227102366854,0.6959137251419601,0.47474747474747475,0.42424242424242425,0.37373737373737376,0.16161616161616163,0.7272727272727273,0.6666666666666666,0.3939393939393939,165,0.4303030303030303,0.09552342942614166,0.27011030968652594,0.41731558734629925,0.5710031203901885,0.43636363636363634,0.3878787878787879,0.3575757575757576,0.14545454545454545,0.7575757575757576,0.696969696969697,0.48484848484848486,330,0.43636363636363634,0.13953440888533922,0.28616447334967754,0.43932210690609563,0.6035589999954343,0.44242424242424244,0.4,0.33636363636363636,0.1606060606060606,0.9393939393939394,0.8181818181818182,0.6363636363636364,0.19040449914447033
drop_other_momentum,13,96,0.2943403741089536,0.8529461822222857,99,0.46464646464646464,0.252789985687968,0.40318172114269074,0.7341249930879412,0.898396049702393,0.47474747474747475,0.4444444444444444,0.42424242424242425,0.1919191919191919,0.7272727272727273,0.6666666666666666,0.42424242424242425,165,0.4121212121212121,0.16089716325860462,0.2886952724924838,0.5334821306658816,0.679146513975358,0.42424242424242425,0.4,0.36363636363636365,0.18181818181818182,0.7272727272727273,0.696969696969697,0.48484848484848486,330,0.41515151515151516,0.1316234706015931,0.26657468975113496,0.43228960569730673,0.58415777295598,0.42727272727272725,0.37575757575757573,0.3212121212121212,0.16363636363636364,0.8484848484848485,0.7878787878787878,0.5757575757575758,0.39288682370490313
drop_etf_source,5,104,0.29234238392752887,0.8499339012886993,99,0.47474747474747475,0.20954800148988875,0.45361518107847626,0.794273857263897,0.9451383771297562,0.48484848484848486,0.42424242424242425,0.37373737373737376,0.20202020202020202,0.7575757575757576,0.6666666666666666,0.42424242424242425,165,0.4666666666666667,0.17302501821838429,0.38523917558769843,0.621609604218991,0.78347067239055,0.4727272727272727,0.41818181818181815,0.37575757575757573,0.18181818181818182,0.8181818181818182,0.7575757575757576,0.5151515151515151,330,0.44545454545454544,0.14801970252642263,0.30729681674959936,0.4634702512213837,0.6150308775123652,0.45151515151515154,0.3878787878787879,0.33636363636363636,0.16363636363636364,0.9090909090909091,0.8181818181818182,0.6363636363636364,0.4396291511322664
