feature,importance_gain
volatility_6m,0.10029598
intraday_range_mean_3m,0.09550784
intraday_range_mean_6m,0.043985166
atr_14_to_price,0.039845426
volatility_3m,0.027005112
avg_abs_daily_return_6m,0.023708705
liquid_vol_score,0.020687541
in_manual_core,0.017310211
avg_dollar_volume_3m,0.013548317
core_mom_456_avg,0.013245257
ma100_slope_1m,0.012828191
source_weight_sum,0.012545431
large_move_freq_6m,0.011033192
ret_lag_6m_mean,0.010693923
log_avg_dollar_volume_3m,0.009949591
core_mom_456_max,0.009865978
avg_dollar_volume_6m,0.009364928
in_large_cap_core,0.009339489
avg_abs_daily_return_3m,0.009294647
avg_dollar_volume_1m,0.008938035
qqq_mom_6m,0.008527198
mom_9m,0.008469344
drawdown_12m,0.008315497
qqq_mom_1m,0.008113274
price_ma50_ratio,0.008013778
mom_5m,0.007752994
ret_lag_6m_max,0.0076464424
drawdown_1m,0.007609206
mom_3m,0.0075760637
price_ma30_ratio,0.0075422814
drawdown_6m_abs,0.007537537
drawdown_12m_abs,0.0074020205
drawdown_3m,0.0073174243
ret_lag_6m_std,0.007283047
drawdown_3m_abs,0.0072576865
qqq_mom_12m,0.007094508
rel_mom_6m_vs_qqq,0.0070468974
volatility_3m_to_6m,0.006996986
up_big_move_freq_3m,0.0068369634
drawdown_1m_abs,0.0067672753
ret_lag_1m,0.0066635734
mom_2m,0.0066022603
mom_4m,0.006601572
core_mom_456_min,0.0065984204
recovery_from_1m_low,0.0064849984
mom_3m_vs_6m,0.006452775
down_big_move_freq_6m,0.0063575646
mom_12m,0.006217525
volatility_1m_to_6m,0.00621698
mom_6m,0.006213643
mom_7m,0.0061931196
qqq_mom_3m,0.0060412087
up_day_volume_ratio_3m,0.0059785224
price_ma5_ratio,0.0059495354
mom_6m_first3m,0.0058929203
price_ma100_ratio,0.005887171
ret_lag_3m,0.005813678
up_big_move_freq_6m,0.0057676155
return_vol_ratio_1m,0.005725956
price_ma20_ratio,0.0056574624
drawdown_6m,0.005594202
rel_mom_1m_vs_qqq,0.0055148504
rel_mom_3m_vs_qqq,0.0055072056
large_move_freq_3m,0.0054868376
drawdown_change_3m,0.00544012
volatility_1m,0.005417088
volume_ma1_to_6m,0.0053669554
avg_abs_daily_return_1m,0.005351152
rel_mom_12m_vs_qqq,0.0052831643
volume_ma3_to_12m,0.005281306
recovery_from_6m_low,0.0052694636
down_big_move_freq_3m,0.0052397233
source_count,0.0052262004
days_since_3m_low_norm,0.005207831
volatility_1m_to_3m,0.005141036
ma10_slope_1m,0.0050645187
mom_4m_vs_6m,0.0050620902
drawdown_change_1m,0.0050603454
ret_lag_6m_min,0.005060185
days_since_3m_high_norm,0.0050373804
up_day_dollar_volume_ratio_3m,0.0050256215
return_vol_ratio_6m,0.0050119865
ma30_slope_1m,0.004972088
dollar_volume_3m_to_6m,0.0049513737
core_mom_456_std,0.0049174344
mom_6m_last3m,0.004866601
ret_lag_2m,0.0048582233
recovery_from_3m_low,0.0047924295
dollar_volume_change_3m,0.004786238
atr_14_to_100d,0.004784446
ma20_slope_1m,0.004774424
mom_5m_vs_6m,0.004761426
volume_change_1m,0.004717679
price_ma10_ratio,0.0046852296
positive_month_ratio_6m,0.0046297815
ma50_slope_1m,0.0044817682
mom_6m_acceleration,0.0044311993
dollar_volume_change_1m,0.0043825903
volume_ratio_3m,0.0043737413
ret_lag_6m,0.004340535
return_vol_ratio_3m,0.004319631
ma5_slope_1m,0.00431112
ret_lag_4m,0.004305409
ret_lag_5m,0.004291133
volume_change_3m,0.0034886356
mom_1m,0.0029101167
theme_count,0.0028015308
trading_day_count_3m,0.0
trading_day_count_6m,0.0
