month,rows,tickers,future_max_return_1_3m_mean,future_max_return_1_3m_p90,future_max_return_1_3m_p95,future_max_return_1_3m_max,label_top10_1_3m_count,label_top5_1_3m_count,label_boom30_top10_1_3m_count,label_boom40_top10_1_3m_count,label_boom50_top5_1_3m_count,label_mega100_1_3m_count
2016-01-31,476,476,0.13727427602396686,0.26004762887140487,0.28948848775799535,2.2919709585288284,48,24,20,8,6,2
2016-02-29,476,476,0.14953137183633644,0.27057244065289576,0.3450999911544475,2.41666670429586,48,24,37,16,7,2
2016-03-31,476,476,0.06996663502703705,0.16916398973040225,0.20824594623821563,0.8035087854321392,48,24,10,4,2,0
2016-04-30,476,476,0.09055615656336044,0.19493054593667591,0.23595599164102027,0.9323944297628595,48,24,8,6,5,0
2016-05-31,476,476,0.08330220066632377,0.17743707280712895,0.2399374566406201,0.701552593812635,48,24,14,7,2,0
2016-06-30,476,476,0.09568420363770654,0.23005872879192346,0.2950834628597885,0.7260330223514455,48,24,22,9,3,0
2016-07-31,477,477,0.04300067609985709,0.15462982012043286,0.20291990351309075,0.6580006881810025,48,24,8,1,1,0
2016-08-31,478,478,0.06914410017944873,0.20144865204369675,0.27398072841620585,0.8815029355804032,48,24,17,6,3,0
2016-09-30,478,478,0.06536022725649832,0.22151289289439355,0.28534781512538243,0.6410999136034536,48,24,23,10,4,0
2016-10-31,479,479,0.1186395279130741,0.24953909060030877,0.30571123579011666,0.7749987125402868,48,24,30,12,8,0
2016-11-30,480,480,0.10281337595151521,0.20626172587143873,0.24279495388899186,0.6541353208240068,49,25,13,7,4,0
2016-12-31,480,480,0.10327512917639717,0.219050191298447,0.27363721014816017,0.7722772066879007,49,25,19,7,5,0
2017-01-31,480,480,0.08412144707406108,0.17194482394991406,0.20685599032525656,1.113207670240996,49,25,8,6,1,1
2017-02-28,481,481,0.06461722788815803,0.1761121059455244,0.23859154154743645,1.0740740004880958,49,25,15,5,2,1
2017-03-31,481,481,0.06777076149511492,0.16332316306674355,0.2088654791638338,0.6231884183164556,49,25,8,2,1,0
2017-04-30,482,482,0.07247314725123455,0.1483332891752618,0.1874790295857323,0.8441440585177993,49,25,8,7,3,0
2017-05-31,483,483,0.06628941348182059,0.15215678861455653,0.19805863480557498,1.0368158617390488,49,25,7,4,2,1
2017-06-30,483,483,0.07633678488081497,0.18031047270821193,0.24396413222617264,0.7471264052822595,49,25,11,3,1,0
2017-07-31,483,483,0.08187569986093783,0.19404454695966816,0.26027602411739664,0.627659548160014,49,25,15,8,3,0
2017-08-31,483,483,0.1136867089290726,0.23332821936735423,0.2970179416746651,2.1521739595215803,49,25,22,5,2,1
2017-09-30,483,483,0.09840037086006054,0.2163834472227062,0.2553790221574292,0.9078948235247617,49,25,14,3,1,0
2017-10-31,485,485,0.11650860727332568,0.24725199467841713,0.2991397630608548,0.895424934376454,49,25,24,5,3,0
2017-11-30,485,485,0.08177827335285094,0.18553739738937272,0.23546051181999314,0.5533639721172019,49,25,15,4,1,0
2017-12-31,485,485,0.07451998591151175,0.18422184729711485,0.2461560299714128,0.8962655638604142,49,25,13,7,2,0
2018-01-31,486,486,0.0031299155846848674,0.10269478710216395,0.1409654018884034,1.0772727602769514,49,25,7,4,3,1
2018-02-28,486,486,0.05489140876508668,0.16815754539348848,0.23920131670157924,0.8283088417296096,49,25,14,6,4,0
2018-03-31,487,487,0.06709468957356647,0.1847155442290832,0.2499661055203832,1.0261574167391343,49,25,16,7,3,1
2018-04-30,487,487,0.09375458406303289,0.19788592855298248,0.2520514190683386,0.9920617336568687,49,25,17,9,7,0
2018-05-31,487,487,0.10095761217317577,0.2098484582187674,0.2695126076093797,1.244020796711427,49,25,18,9,8,1
2018-06-30,487,487,0.10174563935535737,0.20801748615088736,0.259237070526446,1.0607071288396845,49,25,16,8,5,1
2018-07-31,488,488,0.06242995113829447,0.1562302679193785,0.2187284935982348,0.6852154674424542,49,25,9,8,5,0
2018-08-31,489,489,0.02443316354593443,0.10169195629933858,0.13760810636613796,0.2549717057534384,49,25,0,0,0,0
2018-09-30,489,489,-0.03007485199187192,0.08553085402316092,0.11852040656591312,0.3237149709186413,49,25,1,0,0,0
2018-10-31,489,489,0.05730446529690946,0.15920069510578141,0.19004865180130104,0.592511030798009,49,25,4,1,1,0
2018-11-30,489,489,0.055263052809264246,0.16073082113460757,0.23346937969606538,0.6796295434522712,49,25,9,4,2,0
2018-12-31,490,490,0.19466399020043046,0.335315446000022,0.3865816368037018,1.0777386123532837,50,25,50,23,10,1
2019-01-31,490,490,0.1295966005724874,0.24411839194330498,0.29868167196136064,0.9262450343634021,50,25,25,13,8,0
2019-02-28,490,490,0.07848955490439188,0.17430392073073897,0.21295834652704082,0.6725469224602816,50,25,10,7,3,0
2019-03-31,493,493,0.08442104465760847,0.19182135997544836,0.2318681891881073,0.9750813051307474,50,25,8,6,3,0
2019-04-30,493,493,0.04657317143183394,0.15252194581917977,0.20487613106299365,1.803784833215755,50,25,7,4,1,1
2019-05-31,495,495,0.132849608035106,0.2455264860189783,0.2950364351554577,0.9558338778560096,50,25,22,9,3,0
2019-06-30,496,496,0.05477018960851332,0.14908309774710105,0.1783578779970818,0.627537071932051,50,25,5,1,1,0
2019-07-31,496,496,0.043540400678482354,0.15126345937722485,0.20147464761341888,0.5429448541481652,50,25,7,1,1,0
2019-08-31,496,496,0.10031072665978151,0.24116042680320948,0.29409126779686656,0.7972350038015128,50,25,18,6,3,0
2019-09-30,499,499,0.10223842926110342,0.24011624563596315,0.3100024772303621,1.2984614739051232,50,25,27,12,7,1
2019-10-31,499,499,0.11150113506842622,0.22623253850898906,0.2862197722924219,1.5751634842460636,50,25,24,11,8,3
2019-11-30,500,500,0.06833346495269593,0.1400508980305567,0.19959769736883545,1.2391403448350142,51,26,10,5,4,3
2019-12-31,500,500,0.009725759209732237,0.11560022273245872,0.15991405954051455,0.8740911899541923,51,26,10,4,3,0
2020-01-31,500,500,-0.03963500873139104,0.10049058891420656,0.19176702736182352,1.4253505372023594,51,26,12,4,4,2
2020-02-29,500,500,0.021425468316904818,0.23921773437136046,0.3639478106192019,1.4855198646031442,51,26,36,17,12,2
2020-03-31,502,502,0.28410252803952624,0.5371565467033625,0.7133674919828058,2.2392139884477054,51,26,51,51,26,14
2020-04-30,502,502,0.17889026343968664,0.38605691208851833,0.48302828185265845,1.9223111740561598,51,26,51,47,23,4
2020-05-31,502,502,0.15263036218669768,0.32097830741807065,0.43382787479147633,2.0831352552551192,51,26,51,33,21,4
2020-06-30,502,502,0.13475359505766232,0.2770450158884964,0.3685270995575014,1.307443020652589,51,26,39,21,13,1
2020-07-31,502,502,0.08598787249472362,0.21296135298166177,0.28979239540456003,0.8158235967226752,51,26,24,13,7,0
2020-08-31,502,502,0.1287570877353999,0.29940398910780147,0.35085499842068546,1.3730960847325488,51,26,51,19,12,3
2020-09-30,504,504,0.21977348962673676,0.4466405499343346,0.5848489406933082,1.8536842747738485,51,26,51,51,26,8
2020-10-31,504,504,0.2643015262392221,0.4905893102220509,0.6251002138472856,3.512142726353237,51,26,51,51,26,12
2020-11-30,505,505,0.14203474408952593,0.3306046139398999,0.4067124411224692,1.4951924267252563,51,26,51,27,15,3
2020-12-31,508,508,0.12874324165521414,0.29890848124350977,0.3811150252642166,1.1914145921025368,51,26,48,20,11,1
2021-01-31,509,509,0.17587850838051605,0.3372751853142529,0.4017033117057536,0.9143015962451906,51,26,51,27,5,0
2021-02-28,510,510,0.13767368376910286,0.253828727095809,0.2944011782180186,0.7230038191287054,52,26,22,5,2,0
2021-03-31,510,510,0.1084682765584698,0.21592226906836517,0.272176089661893,0.7944253623802264,52,26,17,5,3,0
2021-04-30,513,513,0.08270565730514827,0.21610862929451474,0.2703972337778541,0.9774074019715426,52,26,16,4,1,0
2021-05-31,513,513,0.08334120812528124,0.25096037910586416,0.32698165274629315,1.0360521789404622,52,26,33,13,3,1
2021-06-30,513,513,0.06602059446598861,0.1615885802020355,0.20588547906361154,0.6378414858676327,52,26,10,4,2,0
2021-07-31,515,515,0.08918342359299074,0.2250919564550853,0.3189556205430155,1.443725608618156,52,26,29,14,8,1
2021-08-31,515,515,0.055073897317141365,0.18529662648706768,0.29412621582889276,1.384384408465115,52,26,24,14,7,1
2021-09-30,515,515,0.13407317624094753,0.26775727220388623,0.35060177408936816,1.2903846700515995,52,26,36,19,8,1
2021-10-31,515,515,0.06170538719847522,0.17533803497455602,0.23398804132014275,0.5837765794707779,52,26,10,4,1,0
2021-11-30,515,515,0.0879835188880409,0.2133393553584993,0.27048188394171147,0.5560258808680996,52,26,13,5,2,0
2021-12-31,515,515,0.008120516991227233,0.18200379047914123,0.26392971799192205,0.9618974426774713,52,26,21,9,6,0
2022-01-31,516,516,0.04966706997524731,0.18401907793954642,0.253988993890397,0.8814412567792429,52,26,22,10,8,0
2022-02-28,516,516,0.055438692145373156,0.16473880744347236,0.21326444855273213,1.0693065403057167,52,26,11,4,3,1
2022-03-31,516,516,-0.03850380777936596,0.08163130885017567,0.12758600503846418,0.425396709581505,52,26,3,1,0,0
2022-04-30,517,517,0.03938725750812209,0.1621682470343214,0.20199647142968277,0.7607187324805176,52,26,7,4,2,0
2022-05-31,517,517,0.017682992442777934,0.13133912585203994,0.19125029053763834,0.9464635043487399,52,26,14,9,6,0
2022-06-30,517,517,0.12547048118788723,0.24297339050607303,0.3389460107898222,1.012525308011758,52,26,35,18,9,1
2022-07-31,517,517,0.022755388933339126,0.17738051930735177,0.25601506513763256,0.7098150923229287,52,26,16,6,2,0
2022-08-31,517,517,0.07680074141331433,0.23044896413825117,0.28961793473577235,0.5772197317275249,52,26,22,5,2,0
2022-09-30,517,517,0.1858713780740638,0.32699210192423545,0.4023655814129852,0.6384601077702203,52,26,52,28,10,0
2022-10-31,517,517,0.113114987936169,0.28031217163925526,0.3331360454261847,0.8237885027628198,52,26,35,12,5,0
2022-11-30,517,517,0.045203150389050796,0.15749078612180067,0.20606886091248486,1.3359375596628538,52,26,13,6,3,1
2022-12-31,518,518,0.12417517278239996,0.30186066225284175,0.3847348621078346,1.1455695044534036,52,26,52,25,15,2
2023-01-31,518,518,0.02722926324384828,0.1512029917609652,0.19877257184238228,0.6132107460394889,52,26,12,4,2,0
2023-02-28,519,519,0.05837896649982865,0.18753830098383326,0.28323026700972426,1.2859039108629413,52,26,23,9,8,2
2023-03-31,519,519,0.09787937392819031,0.22460010097183503,0.3539858230028538,2.147590351982496,52,26,35,17,15,4
2023-04-30,519,519,0.15211613946173488,0.3048265447148643,0.48469160398142463,5.621037107068836,52,26,52,35,24,7
2023-05-31,520,520,0.16461348932008626,0.30745641278121194,0.3842092517258157,2.8970585385864407,53,27,53,22,12,3
2023-06-30,520,520,0.06601652457846258,0.17195185727003456,0.2371801086420272,1.1191490302856537,53,27,14,8,5,1
2023-07-31,520,520,-0.015545292729769124,0.08788230784164824,0.1256692725479664,0.5144175826635062,53,27,6,2,2,0
2023-08-31,520,520,0.02669208757382757,0.14179684495400557,0.1960124871477353,0.5668342162249045,53,27,8,2,1,0
2023-09-30,521,521,0.13771303301528914,0.2942822493804105,0.34831757278698516,1.3164623591818865,53,27,48,15,5,1
2023-10-31,522,522,0.21573388593416615,0.4011050533535851,0.4733191877797608,1.2551866179316686,53,27,53,53,22,2
2023-11-30,522,522,0.1704093551298575,0.30731976464017335,0.41433890455262745,2.4672895853087815,53,27,53,30,20,6
2023-12-31,522,522,0.12891592423473544,0.2662429963442087,0.3823766576345862,2.5531906085123732,53,27,42,23,19,4
2024-01-31,522,522,0.13913989335889343,0.25270075570641487,0.3384071809372419,3.4698796539110095,53,27,34,23,21,5
2024-02-29,522,522,0.0899495164848225,0.2090662966470704,0.3026281941061858,1.610409911473755,53,27,29,13,6,1
2024-03-31,526,526,0.02977633740685617,0.16918448135245923,0.20980618281622454,3.003448025820237,53,27,12,5,2,1
2024-04-30,526,526,0.1215856716176554,0.24082813542623083,0.3040415437957929,8.357466039917096,53,27,27,14,6,1
2024-05-31,526,526,0.09837328249155167,0.22444671370702485,0.26682181808904126,2.5093658313286005,53,27,17,7,2,1
2024-06-30,526,526,0.12320467225430215,0.25813227923066884,0.2905785311749779,1.5012921424873258,53,27,24,6,3,2
2024-07-31,526,526,0.10245300906882172,0.21816585367119712,0.31831089222066883,1.4681316640610045,53,27,29,17,13,4
2024-08-31,526,526,0.1697818239865407,0.3305598238409422,0.5323943768278747,3.9191374157277084,53,27,53,39,27,14
2024-09-30,526,526,0.1624009001092751,0.2718679592704605,0.3955745535247051,18.4891447989428,53,27,44,26,22,12
2024-10-31,526,526,0.15924818865450452,0.2572055366349887,0.37223418920262064,10.560605774624191,53,27,37,25,21,8
2024-11-30,526,526,0.029938725036268075,0.13865014894243832,0.20035285399006358,4.003278841789102,53,27,11,7,4,3
2024-12-31,526,526,0.08595783040077845,0.1904671004511539,0.2344075725529215,0.9599623884856874,53,27,14,3,3,0
2025-01-31,526,526,0.013810467111369849,0.14268369546661508,0.19076189730766985,0.45371663460778366,53,27,7,3,0,0
2025-02-28,527,527,0.034180593329056784,0.17373342977710324,0.24686486127712456,1.979926983005193,53,27,21,13,5,1
2025-03-31,527,527,0.12218628254809251,0.35379561752969474,0.5304074996976463,1.944542603626274,53,27,53,47,27,7
2025-04-30,527,527,0.18290300912107316,0.43611212793134685,0.6301712221758327,2.2262003823213687,53,27,53,53,27,10
2025-05-31,527,527,0.145583212293675,0.3327977485914768,0.44820016324346035,2.4850537231166574,53,27,53,35,23,6
2025-06-30,527,527,0.12271801182977263,0.29956647238868966,0.4649589974330393,2.535535093021919,53,27,53,31,23,7
2025-07-31,527,527,0.13378795452136752,0.3021453046937326,0.5092729421684006,3.6442220488089294,53,27,53,40,27,9
2025-08-31,527,527,0.10622768656893933,0.28813950645623465,0.4979643769576994,3.255383906703573,53,27,50,33,27,8
2025-09-30,527,527,0.06842603840205429,0.2200047785006727,0.32446897557024085,1.2653185491293883,53,27,31,18,9,2
2025-10-31,528,528,0.09285988083024742,0.23331177630733665,0.31147758002996667,1.8909346044576365,53,27,28,14,10,1
2025-11-30,528,528,0.1281359442674852,0.308296828818073,0.43515417007736945,1.8455750126530135,53,27,53,36,19,3
2025-12-31,528,528,0.1145776784901065,0.31834848210142974,0.4462769840207909,1.6765522465349219,53,27,53,33,24,1
2026-01-31,528,528,0.09812249217500414,0.2743739965657636,0.45950132355399953,1.3027766837414223,53,27,45,36,23,4
2026-02-28,528,528,0.09914716341684127,0.3524381464121995,0.6150653415250784,1.8852141784105925,53,27,53,48,27,15
2026-03-31,528,528,0.2044100081583594,0.47670899483472107,0.893590727286667,3.4071167494379413,53,27,53,53,27,22
2026-04-30,528,528,0.13003812186281982,0.371148504476597,0.5430449463656778,1.480332624980989,53,27,53,45,27,7
2026-05-31,529,529,0.10424022291536013,0.26151459768059304,0.33555999359918437,1.9739351646952552,53,27,34,16,6,1
2026-06-30,530,530,0.07656309882491656,0.2907351386573364,0.3649781737589193,1.839925865336554,54,27,48,20,13,1
2026-07-31,530,530,0.04817011284550947,0.17833707690474787,0.3157845954203212,2.6278731483026547,54,27,29,9,5,1
2026-08-31,530,530,-0.029901219587202797,0.06597278992115232,0.12412400755945927,0.4171298993337409,54,27,7,1,0,0
2026-09-30,530,530,,,,,0,0,0,0,0,0
