rank,month,ticker,ensemble_score,main_score,five_seed_avg_score,five_seed_score_std,rounds_100_avg_score,rounds_100_score_std,mom_6m,mom_3m,rel_mom_6m_vs_qqq,liquid_vol_score,avg_dollar_volume_3m,large_move_freq_3m,source_count,source_weight_sum,theme_count
1,2026-10-31,LEU,0.98217505,0.98466474,0.98707455,0.001565087,0.97478575,0.0053993403,-0.3398274561995157,-0.2128524838201462,-0.4647949148089737,0.6404716981132076,119185756.31004211,0.5238095238095238,1.0,3.0,1.0
2,2026-10-31,RGTI,0.98007464,0.98256475,0.9817591,0.0009390147,0.9759001,0.0041894545,-0.1260745367766312,0.0200669026463091,-0.2510419953860893,0.7676415094339623,298246176.04555553,0.5079365079365079,1.0,4.0,1.0
3,2026-10-31,QBTS,0.9788491,0.9802105,0.9807011,0.0017047027,0.9756358,0.004820483,-0.2223865915276667,-0.1277654577262229,-0.3473540501371247,0.774811320754717,307676016.3055238,0.492063492063492,1.0,4.0,1.0
4,2026-10-31,OKLO,0.9782713,0.9823146,0.9826151,0.0018957749,0.96988416,0.006431514,-0.5052413940429688,-0.0762297903576875,-0.6302088526524268,0.8145283018867925,395679929.5699952,0.5238095238095238,1.0,4.0,1.0
5,2026-10-31,MRVL,0.9775662,0.9790066,0.98188794,0.0019633227,0.9718039,0.0053424053,0.6491503568055046,0.4517488381810119,0.5241828981960466,0.98,4929219198.000033,0.5555555555555556,2.0,7.0,2.0
6,2026-10-31,BE,0.9762516,0.9788377,0.98040473,0.0011678993,0.9695122,0.0050722486,0.0204334021888739,0.4049365790122217,-0.1045340564205841,0.9825471698113208,3682555763.509163,0.5873015873015873,2.0,6.0,2.0
7,2026-10-31,SEDG,0.97476506,0.97700614,0.97536886,0.0020479134,0.9719202,0.0048581357,-0.2279514773362839,-0.1968446713633737,-0.352918935945742,0.6559433962264152,114206371.03075604,0.5714285714285714,1.0,3.0,1.0
8,2026-10-31,ALAB,0.9747515,0.97559005,0.9769376,0.0018192977,0.9717269,0.006127792,0.7989625998267889,0.1256304797279177,0.6739951412173308,0.9477358490566036,1329029792.518204,0.5714285714285714,1.0,4.0,1.0
9,2026-10-31,ARM,0.9743802,0.9748082,0.97679293,0.0045743603,0.97153926,0.0063991393,0.462010172719155,0.2828653139571095,0.337042714109697,0.9474528301886792,1465659411.3170078,0.4761904761904761,1.0,4.0,1.0
10,2026-10-31,HIMS,0.973824,0.97545433,0.97501534,0.0020227593,0.97100234,0.00423874,0.0673536959354941,0.0442923846582961,-0.0576137626739639,0.799811320754717,370122714.7792392,0.5079365079365079,1.0,4.0,1.0
11,2026-10-31,ASTS,0.97375315,0.9769711,0.97616416,0.0012740699,0.96812403,0.005724895,-0.20906631182584,-0.0089860763548723,-0.334033770435298,0.904811320754717,758993565.5327268,0.5238095238095238,1.0,4.0,1.0
12,2026-10-31,CELH,0.9736972,0.977554,0.9794381,0.0014514592,0.96409935,0.0063125775,-0.2031575739297881,-0.084217704949547,-0.3281250325392462,0.6825471698113208,268677139.7825816,0.3492063492063492,1.0,4.0,1.0
13,2026-10-31,MDB,0.9722176,0.97388124,0.97310764,0.0023714146,0.9696641,0.005166139,0.4271019768049131,0.0606850177848894,0.3021345181954551,0.8715094339622641,781629096.9985235,0.4761904761904761,1.0,4.0,1.0
14,2026-10-31,SMCI,0.9721748,0.9728109,0.97362804,0.0037546803,0.9700854,0.0054832045,0.5945255195245323,0.5383802539983966,0.4695580609150742,0.9513207547169812,1563604328.517351,0.492063492063492,2.0,7.0,2.0
15,2026-10-31,DELL,0.97204,0.97070146,0.9728014,0.0021504185,0.9726172,0.0043523866,1.696576061307471,0.3876705881219264,1.571608602698013,0.9590566037735848,3718128403.7940617,0.5396825396825397,2.0,7.0,2.0
16,2026-10-31,NOW,0.9712434,0.9740968,0.9727405,0.002901542,0.96689296,0.0045417505,0.5216850707492238,0.2081273112218766,0.3967176121397657,0.9225471698113208,2200621067.835805,0.3492063492063492,2.0,8.0,2.0
17,2026-10-31,PLUG,0.9708383,0.97642887,0.9704998,0.0038363847,0.9655862,0.00744586,-0.3929712758181413,-0.0776698888668473,-0.5179387344275993,0.6183018867924528,114340552.97093315,0.4603174603174603,1.0,3.0,1.0
18,2026-10-31,SOUN,0.97068405,0.97179574,0.9743506,0.0024511763,0.9659059,0.0070997206,-0.2663316426381076,-0.0473083126327928,-0.3912991012475656,0.6449056603773585,186361584.8308934,0.365079365079365,1.0,4.0,1.0
19,2026-10-31,IONQ,0.96996635,0.97177935,0.97182083,0.0022050403,0.96629876,0.005883971,-0.0299201796560126,0.2011526374120693,-0.1548876382654707,0.904245283018868,854576285.8060867,0.5079365079365079,1.0,4.0,1.0
20,2026-10-31,COIN,0.96983534,0.97383726,0.97067606,0.0033538183,0.9649928,0.0058812452,-0.0254034412522005,0.2511965463765069,-0.1503708998616585,0.9260377358490566,1534794119.8866343,0.492063492063492,2.0,7.0,2.0
21,2026-10-31,RKLB,0.9697167,0.9734901,0.9713027,0.0056539383,0.9643573,0.006263689,-0.1041086382848759,0.1381062608494223,-0.2290760968943339,0.944433962264151,1362253103.6841316,0.4126984126984127,1.0,4.0,1.0
22,2026-10-31,HOOD,0.96883225,0.9687857,0.969458,0.0010488983,0.9682532,0.004560391,0.5467142105612424,0.3024491802631364,0.4217467519517843,0.9347169811320756,2254410586.238643,0.4444444444444444,2.0,7.0,2.0
23,2026-10-31,MU,0.9687302,0.96814775,0.9690633,0.0030177596,0.9689796,0.005215326,1.0787674846780737,0.3060155478977233,0.9538000260686156,0.980377358490566,31631674975.49526,0.4285714285714285,2.0,7.0,2.0
24,2026-10-31,AMD,0.9667876,0.9706783,0.9665823,0.003351614,0.96310204,0.0058452557,0.7882309532221619,0.3313241232180801,0.6632634946127038,0.9635849056603774,12218939061.799597,0.4126984126984127,2.0,8.0,2.0
25,2026-10-31,ENPH,0.96606046,0.968056,0.9653343,0.00310313,0.96479106,0.0064453203,0.0154733662134938,-0.1084176770262352,-0.1094940923959642,0.6549056603773585,167098563.59067038,0.4444444444444444,1.0,3.0,1.0
26,2026-10-31,RDDT,0.9658398,0.97302,0.9680673,0.0045184614,0.95643216,0.006443327,0.0042790525103211,0.0511125508992402,-0.1206884060991368,0.8864150943396226,942009728.4040664,0.3492063492063492,1.0,3.0,1.0
27,2026-10-31,DDOG,0.96557814,0.9705236,0.9658707,0.003695416,0.96034026,0.006640397,1.0971328852466131,0.0345187892594798,0.9721654266371552,0.8766981132075471,1042910631.5364292,0.3333333333333333,2.0,7.0,2.0
28,2026-10-31,NXT,0.96556854,0.96795905,0.9679961,0.0073378156,0.96075034,0.007540516,-0.2923696382496209,-0.061978407973689,-0.4173370968590789,0.6811320754716981,229465429.28716263,0.365079365079365,1.0,4.0,1.0
29,2026-10-31,KLAC,0.96381426,0.9695305,0.9673441,0.0029713165,0.95456815,0.008312944,0.1848383777814168,0.1329386063312574,0.0598709191719588,0.914433962264151,2016516878.3269248,0.3968253968253968,2.0,7.0,2.0
30,2026-10-31,UUUU,0.9636101,0.96779466,0.96116143,0.0091038905,0.9618743,0.009364021,-0.5041589720483515,-0.0620629426739177,-0.6291264306578095,0.6183962264150944,90593288.93408243,0.4761904761904761,1.0,3.0,1.0
