ticker,selected_rounds,avg_rank,best_rank
RGTI,95,3.1789473684210527,1
QBTS,92,3.2934782608695654,1
LEU,82,3.3902439024390243,1
DELL,72,5.680555555555555,1
MRVL,69,6.101449275362318,2
SEDG,67,5.701492537313433,1
ALAB,64,5.046875,1
ARM,57,4.9298245614035086,1
SMCI,48,6.895833333333333,1
HIMS,48,7.0625,2
OKLO,45,5.444444444444445,1
BE,33,6.545454545454546,1
MDB,31,5.709677419354839,1
MU,26,8.0,3
ASTS,23,7.782608695652174,3
SOUN,22,7.0,3
APP,20,6.8,3
PLUG,19,6.842105263157895,1
UUUU,17,7.470588235294118,1
HOOD,14,8.0,4
NOW,10,7.1,1
IONQ,9,7.444444444444445,3
COIN,7,8.428571428571429,6
CELH,7,9.0,8
NET,4,7.0,6
ENPH,3,8.666666666666666,8
RKLB,2,6.5,6
CRWD,2,8.0,6
SNDK,2,8.0,6
MRNA,2,9.0,8
MSTR,2,9.5,9
NXT,2,9.5,9
ZS,2,9.5,9
RDDT,1,4.0,4
DDOG,1,9.0,9
