round,train_months,feature_count,pr_auc,roc_auc,top3_rows,precision_at_top3,top3_avg_future_return_1m,top3_avg_future_return_2m,top3_avg_future_return_3m,top3_avg_future_max_return_1_3m,top3_hit30_rate,top3_hit40_rate,top3_hit50_rate,top3_hit100_rate,monthly_any_top3_hit30_rate,monthly_any_top3_hit50_rate,monthly_any_top3_hit100_rate,top5_rows,precision_at_top5,top5_avg_future_return_1m,top5_avg_future_return_2m,top5_avg_future_return_3m,top5_avg_future_max_return_1_3m,top5_hit30_rate,top5_hit40_rate,top5_hit50_rate,top5_hit100_rate,monthly_any_top5_hit30_rate,monthly_any_top5_hit50_rate,monthly_any_top5_hit100_rate,top10_rows,precision_at_top10,top10_avg_future_return_1m,top10_avg_future_return_2m,top10_avg_future_return_3m,top10_avg_future_max_return_1_3m,top10_hit30_rate,top10_hit40_rate,top10_hit50_rate,top10_hit100_rate,monthly_any_top10_hit30_rate,monthly_any_top10_hit50_rate,monthly_any_top10_hit100_rate
0,61,99,0.30813833226577914,0.8569622030002606,99,0.42424242424242425,0.1943975954817463,0.3939430137329883,0.49280883361193106,0.6841887282926139,0.42424242424242425,0.3838383838383838,0.35353535353535354,0.20202020202020202,0.7272727272727273,0.6666666666666666,0.45454545454545453,165,0.42424242424242425,0.14847873472247988,0.3303545528412034,0.40004203424130946,0.5905097295425519,0.4303030303030303,0.37575757575757573,0.3393939393939394,0.18787878787878787,0.8484848484848485,0.696969696969697,0.5151515151515151,330,0.41818181818181815,0.13642802871238152,0.2718661827550346,0.33373765347602735,0.5161298477013612,0.42424242424242425,0.3787878787878788,0.3151515151515151,0.16363636363636364,0.9393939393939394,0.7878787878787878,0.5757575757575758
1,61,103,0.2915292830441643,0.8526103816636708,99,0.48484848484848486,0.28024570513296637,0.4975887973233775,0.816310085048928,1.0336716877340064,0.494949494949495,0.4444444444444444,0.41414141414141414,0.2727272727272727,0.8484848484848485,0.7878787878787878,0.5151515151515151,165,0.45454545454545453,0.20462130283171492,0.4260127041538124,0.6572930685438736,0.8484905883341465,0.4666666666666667,0.41818181818181815,0.3575757575757576,0.20606060606060606,0.9090909090909091,0.7878787878787878,0.5454545454545454,330,0.43333333333333335,0.14488226090196968,0.30831749297415917,0.4490037805087244,0.6239670158729524,0.4393939393939394,0.39090909090909093,0.3212121212121212,0.1696969696969697,0.9393939393939394,0.8181818181818182,0.6363636363636364
2,61,97,0.3011040448497935,0.8546637934557233,99,0.47474747474747475,0.20849979632688243,0.32220069103279847,0.6610714159990972,0.8153604359039432,0.48484848484848486,0.42424242424242425,0.37373737373737376,0.21212121212121213,0.8181818181818182,0.7272727272727273,0.48484848484848486,165,0.4666666666666667,0.19727644990116758,0.29092287132066896,0.5532770599462253,0.726508159676504,0.48484848484848486,0.4121212121212121,0.3575757575757576,0.19393939393939394,0.9090909090909091,0.7575757575757576,0.5454545454545454,330,0.403030303030303,0.12429788654135861,0.26307915324507564,0.4158325763676774,0.5797280617239884,0.41818181818181815,0.35454545454545455,0.30303030303030304,0.1606060606060606,0.9393939393939394,0.7878787878787878,0.6363636363636364
3,61,103,0.31165452378205394,0.8561056263244287,99,0.5454545454545454,0.26629140762810666,0.6461384038321439,0.9189403303476689,1.1089763666464871,0.5454545454545454,0.5151515151515151,0.46464646464646464,0.2727272727272727,0.8181818181818182,0.7575757575757576,0.5151515151515151,165,0.503030303030303,0.19424775121275034,0.4650012643553764,0.7249910758857656,0.9055227720440133,0.509090909090909,0.45454545454545453,0.4121212121212121,0.24242424242424243,0.8484848484848485,0.7878787878787878,0.6060606060606061,330,0.43636363636363634,0.13913161978871527,0.2984724442174514,0.45702388712622005,0.6175712864753103,0.45454545454545453,0.39090909090909093,0.3333333333333333,0.17575757575757575,0.9090909090909091,0.7878787878787878,0.6060606060606061
4,61,102,0.29967993017579253,0.8542412234125829,99,0.46464646464646464,0.15191871614979122,0.28163428076521113,0.40078192920022404,0.5597962510887129,0.47474747474747475,0.40404040404040403,0.37373737373737376,0.1717171717171717,0.7575757575757576,0.6666666666666666,0.42424242424242425,165,0.4303030303030303,0.15888126285177512,0.2963083742034144,0.47777079390672667,0.652451368182102,0.43636363636363634,0.3696969696969697,0.3212121212121212,0.15757575757575756,0.8484848484848485,0.7272727272727273,0.5454545454545454,330,0.39090909090909093,0.12781104402564736,0.25939704437162014,0.4008964097352625,0.5617585775217255,0.40606060606060607,0.32727272727272727,0.2818181818181818,0.1484848484848485,0.9090909090909091,0.8181818181818182,0.6363636363636364
5,61,99,0.3071781683848318,0.8536504744725238,99,0.43434343434343436,0.20959350448376354,0.4027733045490028,0.4989921277588978,0.6818717567756852,0.4444444444444444,0.3838383838383838,0.3434343434343434,0.18181818181818182,0.7575757575757576,0.5757575757575758,0.3939393939393939,165,0.43636363636363634,0.1650559271799261,0.3288483496358207,0.42760729010598825,0.5985589688277917,0.44242424242424244,0.3878787878787879,0.3393939393939394,0.18181818181818182,0.8484848484848485,0.7272727272727273,0.5151515151515151,330,0.4484848484848485,0.14332132062290834,0.30821550850094426,0.39038718927448884,0.5579349699693966,0.4575757575757576,0.3878787878787879,0.33636363636363636,0.18181818181818182,0.9393939393939394,0.7878787878787878,0.6363636363636364
6,61,104,0.28964215327073034,0.855167215676035,99,0.4444444444444444,0.17055585114351568,0.24741588865189212,0.3865543931851681,0.5721592449903282,0.45454545454545453,0.3939393939393939,0.36363636363636365,0.1919191919191919,0.7272727272727273,0.5757575757575758,0.3939393939393939,165,0.43636363636363634,0.17155398480595516,0.32776075188451825,0.43017900416430505,0.6117895649675569,0.44242424242424244,0.3878787878787879,0.36363636363636365,0.2,0.8181818181818182,0.696969696969697,0.48484848484848486,330,0.45454545454545453,0.1488444448117741,0.2963116816571657,0.43430340800752715,0.6103173921284013,0.46060606060606063,0.396969696969697,0.3424242424242424,0.1696969696969697,0.9090909090909091,0.7878787878787878,0.5757575757575758
7,61,102,0.3024922873755132,0.8579047000402802,99,0.42424242424242425,0.1478797298828034,0.29689671908821463,0.5716742145189214,0.7102727846538227,0.43434343434343436,0.3838383838383838,0.35353535353535354,0.1717171717171717,0.696969696969697,0.6060606060606061,0.3939393939393939,165,0.43636363636363634,0.15011874327033845,0.24537898168057218,0.5019901700788844,0.6498271278555408,0.4484848484848485,0.37575757575757573,0.3212121212121212,0.15151515151515152,0.8181818181818182,0.6363636363636364,0.45454545454545453,330,0.4090909090909091,0.12806668669974086,0.2722338018518739,0.41336501128415865,0.5813963639250261,0.42424242424242425,0.36363636363636365,0.3090909090909091,0.15757575757575756,0.9090909090909091,0.7878787878787878,0.6060606060606061
8,61,101,0.3017219240778958,0.8532827788312177,99,0.5050505050505051,0.2500362716025018,0.5573741331299438,0.8139573611652142,1.0302270363511168,0.5151515151515151,0.45454545454545453,0.42424242424242425,0.25252525252525254,0.7878787878787878,0.6666666666666666,0.48484848484848486,165,0.4666666666666667,0.19562721963224047,0.40871970144001174,0.6415597584349689,0.8231191336887266,0.47878787878787876,0.42424242424242425,0.37575757575757573,0.21212121212121213,0.8787878787878788,0.696969696969697,0.5454545454545454,330,0.4393939393939394,0.14544170173408927,0.3043035333109111,0.4618981841395592,0.6310322265483543,0.45151515151515154,0.4,0.3424242424242424,0.17575757575757575,0.9090909090909091,0.7878787878787878,0.6060606060606061
9,61,103,0.3052553717879059,0.8556584052564795,99,0.41414141414141414,0.19619974526853076,0.3476812269592433,0.46108546639044967,0.6615016118781057,0.42424242424242425,0.37373737373737376,0.35353535353535354,0.1919191919191919,0.696969696969697,0.6060606060606061,0.3939393939393939,165,0.41818181818181815,0.15709286641544568,0.30671618371837855,0.4134005887502146,0.588455534216669,0.4303030303030303,0.37575757575757573,0.34545454545454546,0.18787878787878787,0.7878787878787878,0.7272727272727273,0.48484848484848486,330,0.4090909090909091,0.1327655849521098,0.2718128257863552,0.4090414272519834,0.5831871457155372,0.41515151515151516,0.37575757575757573,0.3151515151515151,0.16363636363636364,0.8484848484848485,0.7878787878787878,0.6060606060606061
10,61,100,0.30047548795263473,0.8534597142816204,99,0.4444444444444444,0.24240285658757546,0.353978955128866,0.6116141858478379,0.8025005019305818,0.4444444444444444,0.3838383838383838,0.3434343434343434,0.21212121212121213,0.7575757575757576,0.6666666666666666,0.48484848484848486,165,0.4303030303030303,0.20607319779140046,0.28813374009432957,0.48941904462450564,0.6596688009977679,0.43636363636363634,0.3878787878787879,0.3575757575757576,0.2,0.7878787878787878,0.7272727272727273,0.5454545454545454,330,0.43636363636363634,0.15126941709946354,0.29897089341595046,0.4382477238729602,0.6128270152918052,0.44242424242424244,0.3939393939393939,0.33636363636363636,0.16666666666666666,0.9090909090909091,0.8181818181818182,0.6363636363636364
11,61,98,0.29220148945321106,0.8535197099404925,99,0.37373737373737376,0.15567634594522736,0.35083008109388264,0.40160601962845316,0.596201292366925,0.3838383838383838,0.3333333333333333,0.31313131313131315,0.15151515151515152,0.6363636363636364,0.5151515151515151,0.36363636363636365,165,0.41818181818181815,0.16673037613803104,0.3195583327096849,0.39381288404341364,0.583446309045509,0.4303030303030303,0.38181818181818183,0.3333333333333333,0.1696969696969697,0.7878787878787878,0.6666666666666666,0.5151515151515151,330,0.4212121212121212,0.1380868100696515,0.28749169757353693,0.42749169206415144,0.5994681760774029,0.4303030303030303,0.3787878787878788,0.3151515151515151,0.15757575757575756,0.9090909090909091,0.8181818181818182,0.6060606060606061
12,61,94,0.30157854032315745,0.8545793855871376,99,0.47474747474747475,0.1534727995706974,0.29865634026436383,0.6028554363563076,0.7515825698365214,0.494949494949495,0.42424242424242425,0.37373737373737376,0.15151515151515152,0.7272727272727273,0.6060606060606061,0.36363636363636365,165,0.45454545454545453,0.1581715450766104,0.28224636722078855,0.5173651998157922,0.6788316147541666,0.4666666666666667,0.3939393939393939,0.34545454545454546,0.15757575757575756,0.7878787878787878,0.696969696969697,0.45454545454545453,330,0.4393939393939394,0.13072002113121345,0.284933891976556,0.4407911109908657,0.6088234285598666,0.45151515151515154,0.38181818181818183,0.3303030303030303,0.1696969696969697,0.8787878787878788,0.7878787878787878,0.6060606060606061
13,61,102,0.2972680604746639,0.8552012600945814,99,0.42424242424242425,0.14140009653956762,0.30348577612754635,0.3851230906642042,0.5554686281311051,0.42424242424242425,0.3939393939393939,0.36363636363636365,0.1717171717171717,0.696969696969697,0.6060606060606061,0.42424242424242425,165,0.42424242424242425,0.16440702148477163,0.32552915582821096,0.40492526137115203,0.5906284455653978,0.4303030303030303,0.37575757575757573,0.3393939393939394,0.1696969696969697,0.8181818181818182,0.6666666666666666,0.48484848484848486,330,0.4212121212121212,0.1366523840301797,0.28648721697663077,0.37930408495103707,0.5529422421779777,0.4303030303030303,0.3787878787878788,0.31212121212121213,0.16666666666666666,0.9393939393939394,0.7575757575757576,0.6060606060606061
14,61,94,0.3140013710438338,0.8575021108600901,99,0.40404040404040403,0.17985213325797964,0.2670172661926584,0.5605925232142231,0.7207142469310471,0.41414141414141414,0.3838383838383838,0.3333333333333333,0.16161616161616163,0.6363636363636364,0.5454545454545454,0.36363636363636365,165,0.45454545454545453,0.1834324897455309,0.3955795951839187,0.5907731325994452,0.7697624743884577,0.4666666666666667,0.4,0.3575757575757576,0.2,0.8181818181818182,0.7272727272727273,0.5454545454545454,330,0.403030303030303,0.12522750632870708,0.2783611476451516,0.4046246434394229,0.5690245437723633,0.41515151515151516,0.3484848484848485,0.3,0.16363636363636364,0.9393939393939394,0.7878787878787878,0.5757575757575758
15,61,103,0.30438709339157993,0.8555341152670245,99,0.42424242424242425,0.1977148207383109,0.2653258853105758,0.39990612835955563,0.5507889402355522,0.42424242424242425,0.37373737373737376,0.3434343434343434,0.1717171717171717,0.7272727272727273,0.5757575757575758,0.3333333333333333,165,0.41818181818181815,0.16401011391309134,0.26230801591004277,0.4678898067215409,0.623994080428746,0.42424242424242425,0.3696969696969697,0.3393939393939394,0.17575757575757575,0.7878787878787878,0.7575757575757576,0.5151515151515151,330,0.42424242424242425,0.13098599115288387,0.2540550255982022,0.3746226468741982,0.5446890037808145,0.43636363636363634,0.3696969696969697,0.3212121212121212,0.15454545454545454,0.8787878787878788,0.8181818181818182,0.6060606060606061
16,61,99,0.2985525513950968,0.8547328375531961,99,0.41414141414141414,0.12801670581345181,0.2218756531658362,0.24961187495263065,0.4378343719311728,0.42424242424242425,0.37373737373737376,0.3333333333333333,0.16161616161616163,0.6363636363636364,0.5151515151515151,0.30303030303030304,165,0.4727272727272727,0.16330595843748497,0.32508542306855576,0.5124648846073463,0.6939628210393761,0.47878787878787876,0.42424242424242425,0.38181818181818183,0.2,0.8787878787878788,0.7878787878787878,0.48484848484848486,330,0.4303030303030303,0.11994779121659771,0.26226586388928413,0.41569711982902285,0.5854093994180873,0.43333333333333335,0.38181818181818183,0.32727272727272727,0.1484848484848485,0.9090909090909091,0.7878787878787878,0.6060606060606061
17,61,101,0.302539787729458,0.8562445636397119,99,0.42424242424242425,0.16964176766887565,0.28805206155653496,0.392773926284352,0.5672864709867538,0.43434343434343436,0.3838383838383838,0.37373737373737376,0.18181818181818182,0.7272727272727273,0.6363636363636364,0.3939393939393939,165,0.43636363636363634,0.18219929333280976,0.29944403701558103,0.4314090876688122,0.6073276213177451,0.44242424242424244,0.40606060606060607,0.38181818181818183,0.19393939393939394,0.7878787878787878,0.696969696969697,0.48484848484848486,330,0.42727272727272725,0.13838602034100245,0.30029198598889895,0.4278042063290484,0.6080286808210958,0.43333333333333335,0.38181818181818183,0.32727272727272727,0.16666666666666666,0.8787878787878788,0.7878787878787878,0.5757575757575758
18,61,97,0.300276345407387,0.8543591715345145,99,0.47474747474747475,0.1814306521306229,0.3099091267891301,0.4076520668547055,0.5837362203065585,0.494949494949495,0.40404040404040403,0.35353535353535354,0.15151515151515152,0.7878787878787878,0.5757575757575758,0.36363636363636365,165,0.46060606060606063,0.1597811973132714,0.3248822281817569,0.4137240014995158,0.594179968230754,0.47878787878787876,0.40606060606060607,0.34545454545454546,0.16363636363636364,0.8787878787878788,0.696969696969697,0.48484848484848486,330,0.4212121212121212,0.11474860923933557,0.23939126904854485,0.3146828225335559,0.49214519554605607,0.4303030303030303,0.37272727272727274,0.3181818181818182,0.15151515151515152,0.9090909090909091,0.8181818181818182,0.5757575757575758
19,61,104,0.30671823575244955,0.8570809737075195,99,0.5050505050505051,0.2300639438969311,0.4428337562471675,0.5433095022941399,0.7291994888512269,0.5151515151515151,0.4444444444444444,0.3838383838383838,0.23232323232323232,0.8484848484848485,0.6363636363636364,0.48484848484848486,165,0.46060606060606063,0.18964633687781376,0.3430419635530395,0.42930823673226154,0.611612046050799,0.47878787878787876,0.4,0.34545454545454546,0.17575757575757575,0.8787878787878788,0.6666666666666666,0.5151515151515151,330,0.41515151515151516,0.13422514837917218,0.2645630148805205,0.4275523523713273,0.5894871237772443,0.43333333333333335,0.36666666666666664,0.3,0.15454545454545454,0.9090909090909091,0.7272727272727273,0.6060606060606061
20,61,101,0.295354853240023,0.853091434870082,99,0.48484848484848486,0.20308061458376112,0.461387699930557,0.8035895937343372,0.9666607223731843,0.48484848484848486,0.43434343434343436,0.42424242424242425,0.21212121212121213,0.7272727272727273,0.6666666666666666,0.3939393939393939,165,0.47878787878787876,0.20353584914408254,0.43411310769907857,0.6581209492257287,0.833429683206378,0.48484848484848486,0.4303030303030303,0.4121212121212121,0.21818181818181817,0.8484848484848485,0.7575757575757576,0.5757575757575758,330,0.45151515151515154,0.13818730671635873,0.30003134788109015,0.4379053808323055,0.6106854583406024,0.4575757575757576,0.3939393939393939,0.33636363636363636,0.16363636363636364,0.9393939393939394,0.8484848484848485,0.5757575757575758
21,61,93,0.28848799416905346,0.8504349353580607,99,0.45454545454545453,0.12272504106446447,0.23898651881994806,0.5547435803842125,0.7037348681161862,0.46464646464646464,0.40404040404040403,0.36363636363636365,0.16161616161616163,0.7272727272727273,0.6666666666666666,0.3939393939393939,165,0.4666666666666667,0.11941746439555723,0.22906766477410354,0.44275726439395724,0.6075329023620909,0.4727272727272727,0.4121212121212121,0.3696969696969697,0.15757575757575756,0.8181818181818182,0.696969696969697,0.48484848484848486,330,0.4303030303030303,0.1163635194293648,0.23150750685610688,0.36609579765961847,0.5382850526340287,0.43636363636363634,0.36666666666666664,0.3090909090909091,0.14545454545454545,0.9696969696969697,0.7878787878787878,0.5757575757575758
22,61,103,0.2943142263735293,0.8573590606181702,99,0.4444444444444444,0.16157350313628321,0.45078127046948485,0.570214619356279,0.7442312634454987,0.45454545454545453,0.40404040404040403,0.37373737373737376,0.1717171717171717,0.7575757575757576,0.6363636363636364,0.3939393939393939,165,0.46060606060606063,0.15400242748971377,0.3646843841916048,0.6014166709533224,0.76303329841092,0.4666666666666667,0.41818181818181815,0.3696969696969697,0.17575757575757575,0.8484848484848485,0.7575757575757576,0.5151515151515151,330,0.4393939393939394,0.12235948856194204,0.2742586708278995,0.4374026805703075,0.5986633692939611,0.44545454545454544,0.3878787878787879,0.33636363636363636,0.17272727272727273,0.9090909090909091,0.8181818181818182,0.6060606060606061
23,61,99,0.3115212171666275,0.8557986958573012,99,0.45454545454545453,0.22478102525456464,0.32001340029753855,0.4071002857384886,0.5786471737378197,0.46464646464646464,0.40404040404040403,0.37373737373737376,0.1919191919191919,0.6666666666666666,0.5454545454545454,0.42424242424242425,165,0.4727272727272727,0.1858415144739775,0.3119709618539088,0.514435591806896,0.683636238910043,0.47878787878787876,0.4121212121212121,0.38181818181818183,0.18787878787878787,0.8181818181818182,0.696969696969697,0.5151515151515151,330,0.43636363636363634,0.14433779370973815,0.29935416907535806,0.45990035080110886,0.6274153644372955,0.4484848484848485,0.38484848484848483,0.32727272727272727,0.1696969696969697,0.9090909090909091,0.7575757575757576,0.5757575757575758
24,61,104,0.2998881932262616,0.8546029221415028,99,0.42424242424242425,0.19484149893668165,0.2982975967541055,0.6312003083253688,0.8216746000305135,0.43434343434343436,0.3838383838383838,0.36363636363636365,0.20202020202020202,0.7272727272727273,0.6060606060606061,0.3939393939393939,165,0.41818181818181815,0.15759759258481892,0.3075650942949406,0.5428423907372478,0.7071153635434066,0.4303030303030303,0.36363636363636365,0.3333333333333333,0.18181818181818182,0.8484848484848485,0.696969696969697,0.45454545454545453,330,0.4090909090909091,0.12893745921333055,0.26026817770171556,0.38566682422974935,0.559869175743055,0.4212121212121212,0.36363636363636365,0.3090909090909091,0.1484848484848485,0.9090909090909091,0.7878787878787878,0.6060606060606061
25,61,103,0.31994272927379114,0.856912317180411,99,0.5353535353535354,0.263749972843617,0.4565764876409066,0.5157660379495133,0.7296617568357139,0.5454545454545454,0.47474747474747475,0.41414141414141414,0.2222222222222222,0.7878787878787878,0.6666666666666666,0.48484848484848486,165,0.5151515151515151,0.2010238195624015,0.3950026486737072,0.4543218341427832,0.6602700617329861,0.5212121212121212,0.46060606060606063,0.40606060606060607,0.21818181818181817,0.9090909090909091,0.7878787878787878,0.5454545454545454,330,0.4636363636363636,0.15361397687826364,0.3147447451272817,0.4519942196317189,0.6249282079920876,0.47878787878787876,0.403030303030303,0.34545454545454546,0.17272727272727273,0.9393939393939394,0.8181818181818182,0.6060606060606061
26,61,100,0.30031775253696313,0.8559972838763191,99,0.42424242424242425,0.1759103152017436,0.2574408711572717,0.3678769830735102,0.5550066579913259,0.42424242424242425,0.3838383838383838,0.3434343434343434,0.18181818181818182,0.6666666666666666,0.6060606060606061,0.42424242424242425,165,0.4484848484848485,0.15702912479093137,0.2625974148905179,0.38219736138226174,0.5591945348301767,0.45454545454545453,0.3939393939393939,0.3575757575757576,0.1696969696969697,0.8484848484848485,0.696969696969697,0.5151515151515151,330,0.42424242424242425,0.1378147449645943,0.2713657285584559,0.3638707339874582,0.5389052362133044,0.4393939393939394,0.37272727272727274,0.3212121212121212,0.15757575757575756,0.9393939393939394,0.8181818181818182,0.5757575757575758
27,61,97,0.29071449510101816,0.8522240319099423,99,0.47474747474747475,0.19503869931881734,0.4482163737926505,0.5530938339470277,0.7609685901286776,0.5050505050505051,0.43434343434343436,0.37373737373737376,0.1919191919191919,0.7878787878787878,0.6363636363636364,0.42424242424242425,165,0.41818181818181815,0.1710978751025525,0.3378283761586131,0.5185231521944729,0.7104254532362865,0.43636363636363634,0.38181818181818183,0.3393939393939394,0.1696969696969697,0.8181818181818182,0.696969696969697,0.48484848484848486,330,0.42424242424242425,0.1363410348887361,0.2742731711317654,0.41418800061454564,0.5837129645325684,0.43636363636363634,0.3787878787878788,0.3242424242424242,0.15454545454545454,0.8787878787878788,0.8181818181818182,0.5757575757575758
28,61,102,0.29999060569613434,0.8563893386573178,99,0.45454545454545453,0.1806235769337755,0.2882727954435738,0.40839676002784575,0.583516542101936,0.46464646464646464,0.3838383838383838,0.35353535353535354,0.15151515151515152,0.7272727272727273,0.6666666666666666,0.36363636363636365,165,0.4484848484848485,0.1519936110293722,0.31927061385440286,0.4015261833244075,0.5813183572949526,0.46060606060606063,0.4,0.3515151515151515,0.15151515151515152,0.7878787878787878,0.696969696969697,0.48484848484848486,330,0.43333333333333335,0.14451406481130916,0.26708091177190085,0.3692978191410577,0.5384919523752345,0.44242424242424244,0.38484848484848483,0.3303030303030303,0.1606060606060606,0.9090909090909091,0.7878787878787878,0.6363636363636364
29,61,100,0.29350250927349897,0.8553091249125009,99,0.3939393939393939,0.15514330479975322,0.2358660750411605,0.49392827118271815,0.6740671282879305,0.40404040404040403,0.35353535353535354,0.3333333333333333,0.1919191919191919,0.696969696969697,0.6363636363636364,0.48484848484848486,165,0.42424242424242425,0.18250112210924171,0.36418610538005325,0.5519666051470444,0.7342914935817737,0.43636363636363634,0.38181818181818183,0.3575757575757576,0.19393939393939394,0.7878787878787878,0.696969696969697,0.5454545454545454,330,0.4303030303030303,0.13168155702555695,0.26622730021840935,0.39100162095162605,0.5639870275015072,0.4393939393939394,0.38484848484848483,0.3181818181818182,0.16363636363636364,0.9090909090909091,0.7575757575757576,0.5757575757575758
30,61,101,0.29277244429368804,0.8544532381469435,99,0.3838383838383838,0.1637861337326454,0.31086086406947083,0.27928991322187324,0.5215488345575733,0.3939393939393939,0.36363636363636365,0.31313131313131315,0.1111111111111111,0.696969696969697,0.6060606060606061,0.30303030303030304,165,0.42424242424242425,0.14284334251400171,0.31091699210690593,0.3177354191279035,0.5359451360091041,0.4303030303030303,0.38181818181818183,0.34545454545454546,0.14545454545454545,0.8484848484848485,0.7272727272727273,0.45454545454545453,330,0.45151515151515154,0.14278797160316134,0.27868482298394387,0.3987547884672908,0.5783006405211426,0.45454545454545453,0.396969696969697,0.32727272727272727,0.1606060606060606,0.9696969696969697,0.8181818181818182,0.6060606060606061
31,61,98,0.3060233534297648,0.8571004238702586,99,0.46464646464646464,0.18494906917797369,0.4365905098418563,0.5648810581972132,0.7317498911791205,0.47474747474747475,0.42424242424242425,0.40404040404040403,0.1919191919191919,0.7575757575757576,0.6363636363636364,0.45454545454545453,165,0.45454545454545453,0.20390086557180478,0.3716937205726111,0.5682670028227875,0.7378455831546352,0.4666666666666667,0.41818181818181815,0.37575757575757573,0.18787878787878787,0.8181818181818182,0.696969696969697,0.5151515151515151,330,0.44242424242424244,0.14276755923986256,0.2997447401826071,0.4553853540534929,0.6257309061950538,0.45454545454545453,0.39090909090909093,0.3303030303030303,0.1696969696969697,0.9393939393939394,0.7878787878787878,0.6363636363636364
32,61,96,0.3140980610693868,0.8561564143346373,99,0.46464646464646464,0.137917138488179,0.3880799814570378,0.5603323533645264,0.7344645149561705,0.47474747474747475,0.37373737373737376,0.36363636363636365,0.1717171717171717,0.7272727272727273,0.6363636363636364,0.3939393939393939,165,0.4303030303030303,0.13768209552636032,0.2943216503945436,0.409729490691508,0.5839283616400726,0.44242424242424244,0.36363636363636365,0.3212121212121212,0.15757575757575756,0.7575757575757576,0.6363636363636364,0.42424242424242425,330,0.4303030303030303,0.1222320990163323,0.26690386526214815,0.4166746286650193,0.5840689254446443,0.4484848484848485,0.3787878787878788,0.31212121212121213,0.15757575757575756,0.9090909090909091,0.8181818181818182,0.6060606060606061
33,61,98,0.2966736448949309,0.8558293437944959,99,0.46464646464646464,0.13198254697967024,0.32408182438810107,0.6295392634144445,0.7765208307873848,0.47474747474747475,0.42424242424242425,0.36363636363636365,0.1919191919191919,0.7878787878787878,0.6666666666666666,0.3939393939393939,165,0.4909090909090909,0.17592040347436758,0.37961301576475304,0.6469224482348152,0.8130450246609751,0.503030303030303,0.4484848484848485,0.3939393939393939,0.20606060606060606,0.8484848484848485,0.7272727272727273,0.5151515151515151,330,0.4121212121212121,0.13704062620755825,0.2572015390356998,0.3968618652805789,0.5655262932642957,0.43333333333333335,0.36363636363636365,0.31212121212121213,0.15151515151515152,0.9393939393939394,0.8484848484848485,0.6060606060606061
34,61,102,0.3067741409382191,0.8576460632923687,99,0.47474747474747475,0.1715229289637845,0.29763710105049074,0.44525319600898544,0.595112054168351,0.48484848484848486,0.42424242424242425,0.3939393939393939,0.1919191919191919,0.7575757575757576,0.6666666666666666,0.48484848484848486,165,0.45454545454545453,0.14533009631540728,0.2821754822617109,0.4141880600588034,0.5913964999577239,0.4666666666666667,0.4,0.36363636363636365,0.16363636363636364,0.8181818181818182,0.7575757575757576,0.48484848484848486,330,0.41818181818181815,0.12784161447820577,0.28787749014315966,0.43779228336502474,0.6107496425088197,0.42727272727272725,0.37575757575757573,0.32727272727272727,0.16666666666666666,0.9090909090909091,0.8181818181818182,0.5757575757575758
35,61,104,0.30302598022841476,0.8565009979817471,99,0.42424242424242425,0.23305556451536588,0.2931453015815119,0.37251318933373145,0.5738189344877664,0.43434343434343436,0.37373737373737376,0.36363636363636365,0.18181818181818182,0.7272727272727273,0.6666666666666666,0.3939393939393939,165,0.44242424242424244,0.16629773887417448,0.35201822178016023,0.40897529982359787,0.5981181217467471,0.45454545454545453,0.3939393939393939,0.36363636363636365,0.18181818181818182,0.8181818181818182,0.7272727272727273,0.5151515151515151,330,0.42424242424242425,0.13171046557050414,0.26811196466041937,0.41293838981321734,0.5756520857059786,0.43636363636363634,0.3787878787878788,0.3303030303030303,0.1606060606060606,0.8787878787878788,0.7878787878787878,0.5757575757575758
36,61,100,0.2853676990191814,0.8525487673691545,99,0.41414141414141414,0.1735202316016803,0.44060251917659654,0.7476069526239341,0.9292434272016811,0.43434343434343436,0.36363636363636365,0.3333333333333333,0.18181818181818182,0.696969696969697,0.6060606060606061,0.3939393939393939,165,0.4303030303030303,0.1507980869103414,0.3528832409991483,0.5682141309716848,0.7396717291491355,0.44242424242424244,0.38181818181818183,0.3333333333333333,0.16363636363636364,0.7575757575757576,0.696969696969697,0.45454545454545453,330,0.4393939393939394,0.1461947596486828,0.28833046047917565,0.4384203372719091,0.603313072634467,0.4575757575757576,0.3787878787878788,0.3181818181818182,0.1696969696969697,0.9393939393939394,0.7878787878787878,0.6060606060606061
37,61,106,0.29192323463997444,0.8562850029958027,99,0.46464646464646464,0.1953084632783507,0.42307452353764013,0.42973798053070755,0.6260693366187541,0.47474747474747475,0.42424242424242425,0.3939393939393939,0.1919191919191919,0.696969696969697,0.6363636363636364,0.3939393939393939,165,0.44242424242424244,0.17475390621905712,0.36787470543319584,0.5286133139414536,0.7070059739304033,0.46060606060606063,0.4,0.36363636363636365,0.18787878787878787,0.8484848484848485,0.7878787878787878,0.48484848484848486,330,0.40606060606060607,0.13794160104559117,0.26007192818818536,0.3684083761695563,0.5376284172574765,0.4212121212121212,0.3606060606060606,0.3090909090909091,0.14545454545454545,0.9090909090909091,0.8181818181818182,0.5454545454545454
38,61,98,0.292659989767791,0.853826401592525,99,0.42424242424242425,0.1766130729183261,0.2505329683680013,0.33886424924020236,0.5181533713121353,0.43434343434343436,0.35353535353535354,0.30303030303030304,0.1414141414141414,0.8181818181818182,0.5757575757575758,0.42424242424242425,165,0.4303030303030303,0.12478657387003267,0.20807053778367401,0.3108705533153908,0.476549666473815,0.44242424242424244,0.3696969696969697,0.32727272727272727,0.14545454545454545,0.8484848484848485,0.6666666666666666,0.45454545454545453,330,0.40606060606060607,0.11856296361253622,0.24522872073221202,0.37464367339812643,0.5475450164421306,0.42424242424242425,0.35454545454545455,0.29393939393939394,0.1393939393939394,0.9393939393939394,0.7878787878787878,0.5757575757575758
39,61,96,0.28956001839297796,0.854645325088375,99,0.46464646464646464,0.1567716692846434,0.3055981180880849,0.5681523996387919,0.7441811358307268,0.47474747474747475,0.43434343434343436,0.3939393939393939,0.20202020202020202,0.6666666666666666,0.6666666666666666,0.45454545454545453,165,0.42424242424242425,0.1354620012470892,0.24966485154676368,0.42575117769583487,0.5884318384461478,0.4303030303030303,0.3939393939393939,0.3515151515151515,0.1696969696969697,0.7272727272727273,0.7272727272727273,0.5151515151515151,330,0.4212121212121212,0.12880943170298326,0.22969233801299951,0.33700687594357714,0.5133041481187182,0.4303030303030303,0.38181818181818183,0.3212121212121212,0.15454545454545454,0.9090909090909091,0.8181818181818182,0.6060606060606061
40,61,104,0.3079251373426484,0.8569328818135936,99,0.4444444444444444,0.20593177332841892,0.33898446721646397,0.46975687157335355,0.6297142205319363,0.45454545454545453,0.41414141414141414,0.37373737373737376,0.1919191919191919,0.7878787878787878,0.6363636363636364,0.45454545454545453,165,0.45454545454545453,0.1983105529861571,0.31463278931017746,0.40649880910742564,0.5826587863784909,0.46060606060606063,0.40606060606060607,0.37575757575757573,0.18181818181818182,0.8181818181818182,0.7878787878787878,0.5151515151515151,330,0.44242424242424244,0.13998095517203563,0.2622006638744011,0.34024951125702835,0.5155075313281061,0.45151515151515154,0.3878787878787879,0.3242424242424242,0.15151515151515152,0.8787878787878788,0.8181818181818182,0.6060606060606061
41,61,104,0.309234024572993,0.8540397430774138,99,0.42424242424242425,0.20106097072846577,0.29778903848359145,0.5347916737279689,0.7048285300085665,0.42424242424242425,0.3939393939393939,0.36363636363636365,0.1919191919191919,0.696969696969697,0.6363636363636364,0.3939393939393939,165,0.42424242424242425,0.17663992800841322,0.3377411085992054,0.5813024460669546,0.7367993154376704,0.4303030303030303,0.3878787878787879,0.34545454545454546,0.18787878787878787,0.7878787878787878,0.7272727272727273,0.5151515151515151,330,0.42727272727272725,0.15035960572851528,0.2684619415274,0.4066886368612191,0.57536122216699,0.44545454545454544,0.36363636363636365,0.31212121212121213,0.1606060606060606,0.9393939393939394,0.8181818181818182,0.6060606060606061
42,61,102,0.3038505149389219,0.8550157007657473,99,0.5050505050505051,0.26507262188846736,0.5207913520445949,0.6260626040195882,0.8169498543346944,0.5050505050505051,0.45454545454545453,0.43434343434343436,0.2222222222222222,0.8484848484848485,0.696969696969697,0.45454545454545453,165,0.4484848484848485,0.19971529772019653,0.3787383842317623,0.49100962925710595,0.655646659843007,0.45454545454545453,0.4,0.38181818181818183,0.19393939393939394,0.8484848484848485,0.7272727272727273,0.5454545454545454,330,0.42727272727272725,0.13535096037614322,0.2921153066792344,0.4036330049774109,0.5673264419340179,0.43636363636363634,0.3787878787878788,0.3212121212121212,0.1696969696969697,0.9696969696969697,0.7878787878787878,0.6363636363636364
43,61,106,0.3069482301838808,0.85564797699733,99,0.46464646464646464,0.18078212768140353,0.37456389878951246,0.400064642986782,0.6068355550472795,0.47474747474747475,0.40404040404040403,0.37373737373737376,0.1717171717171717,0.7575757575757576,0.696969696969697,0.42424242424242425,165,0.4909090909090909,0.18695425478564878,0.3647319702540866,0.4709307935218063,0.6550667995443719,0.49696969696969695,0.43636363636363634,0.3939393939393939,0.18787878787878787,0.8484848484848485,0.7575757575757576,0.5151515151515151,330,0.4393939393939394,0.1340939594552184,0.27656412172391887,0.3565150794387738,0.5297572746568003,0.45151515151515154,0.38484848484848483,0.3303030303030303,0.1484848484848485,0.9090909090909091,0.8181818181818182,0.5757575757575758
44,61,101,0.32527165385943113,0.8574978121883795,99,0.45454545454545453,0.20760952125992174,0.27556054049897183,0.29192364082678396,0.5122414146935473,0.47474747474747475,0.41414141414141414,0.36363636363636365,0.1717171717171717,0.7575757575757576,0.6666666666666666,0.36363636363636365,165,0.4909090909090909,0.2022550055945329,0.3100152587901239,0.368499131941095,0.5645725841036228,0.503030303030303,0.45454545454545453,0.4,0.19393939393939394,0.8484848484848485,0.7575757575757576,0.5151515151515151,330,0.45151515151515154,0.1523386316241705,0.2588568391961052,0.37878523183110746,0.5496556118874439,0.4636363636363636,0.396969696969697,0.3333333333333333,0.15757575757575756,0.9696969696969697,0.8484848484848485,0.6363636363636364
45,61,106,0.3092431343158138,0.8573746366693679,99,0.42424242424242425,0.1595231090039844,0.37582151474137104,0.4777649143634848,0.6432164573372253,0.43434343434343436,0.37373737373737376,0.32323232323232326,0.18181818181818182,0.7878787878787878,0.5757575757575758,0.3939393939393939,165,0.45454545454545453,0.17517310734404784,0.3626023465196214,0.5638684601734072,0.7275990700372311,0.46060606060606063,0.4,0.34545454545454546,0.19393939393939394,0.8181818181818182,0.7272727272727273,0.48484848484848486,330,0.4303030303030303,0.14049322285305474,0.2949173711667595,0.4177181147506305,0.5851423265061333,0.4393939393939394,0.37575757575757573,0.3151515151515151,0.15454545454545454,0.9090909090909091,0.7878787878787878,0.6060606060606061
46,61,100,0.2847041636727225,0.8480933533513453,99,0.45454545454545453,0.15299816895596544,0.3205522655447359,0.6786392689345432,0.8314024882917131,0.46464646464646464,0.40404040404040403,0.36363636363636365,0.21212121212121213,0.7575757575757576,0.6666666666666666,0.45454545454545453,165,0.41818181818181815,0.1348183412002935,0.2646328593250516,0.4976745387469928,0.6543638967918423,0.42424242424242425,0.37575757575757573,0.3393939393939394,0.17575757575757575,0.7575757575757576,0.696969696969697,0.48484848484848486,330,0.43636363636363634,0.13588382511833438,0.2857946822397946,0.42753569202617714,0.5991320237584536,0.4484848484848485,0.38484848484848483,0.32727272727272727,0.1606060606060606,0.9393939393939394,0.8181818181818182,0.6060606060606061
47,61,102,0.3133943434917141,0.8555324435613594,99,0.5252525252525253,0.24266434222092167,0.44210299450663576,0.47112358633163276,0.6981842026073378,0.5353535353535354,0.45454545454545453,0.41414141414141414,0.2222222222222222,0.8484848484848485,0.696969696969697,0.48484848484848486,165,0.47878787878787876,0.1594138040172828,0.34076772489789625,0.4299150495608926,0.6076106197226029,0.4909090909090909,0.41818181818181815,0.3575757575757576,0.19393939393939394,0.9090909090909091,0.7272727272727273,0.5454545454545454,330,0.44242424242424244,0.12528361556110837,0.2755466712685505,0.41173575972854837,0.570944769248859,0.4575757575757576,0.3878787878787879,0.3333333333333333,0.15757575757575756,0.9090909090909091,0.8181818181818182,0.5757575757575758
48,61,99,0.295692921528725,0.8557909210992075,99,0.40404040404040403,0.1900297969321774,0.23933298156602356,0.2901628303120647,0.5024738102336092,0.41414141414141414,0.36363636363636365,0.31313131313131315,0.1414141414141414,0.6666666666666666,0.5757575757575758,0.36363636363636365,165,0.4484848484848485,0.1691058585809202,0.31625777146197953,0.3780203468724425,0.572282362358078,0.45454545454545453,0.4,0.34545454545454546,0.1696969696969697,0.8787878787878788,0.696969696969697,0.48484848484848486,330,0.4212121212121212,0.12722079012368576,0.25308655073299485,0.36777808347737734,0.542258278203564,0.43333333333333335,0.37575757575757573,0.3181818181818182,0.15151515151515152,0.9393939393939394,0.8181818181818182,0.6363636363636364
49,61,99,0.29535858413952465,0.8545157546318188,99,0.42424242424242425,0.14613204302479688,0.24374139110758117,0.3256246114646745,0.5070249607196761,0.43434343434343436,0.36363636363636365,0.3333333333333333,0.1414141414141414,0.7272727272727273,0.6363636363636364,0.3333333333333333,165,0.4484848484848485,0.1400859043883986,0.3061784084056044,0.3929720134570534,0.5713344109225174,0.45454545454545453,0.3939393939393939,0.3515151515151515,0.18181818181818182,0.7575757575757576,0.6666666666666666,0.5151515151515151,330,0.4090909090909091,0.1178152357242949,0.2395477214054295,0.3721845782224661,0.5325110315168908,0.41818181818181815,0.3696969696969697,0.3151515151515151,0.15454545454545454,0.7878787878787878,0.7272727272727273,0.5757575757575758
50,61,97,0.29055266010305036,0.8523261917005917,99,0.42424242424242425,0.18909447140663335,0.32147669809276874,0.6154782541095793,0.7687075251385727,0.42424242424242425,0.37373737373737376,0.32323232323232326,0.1919191919191919,0.6666666666666666,0.6060606060606061,0.3939393939393939,165,0.43636363636363634,0.18841402782537697,0.3036585167580369,0.5989956520358188,0.7469234864510554,0.44242424242424244,0.3878787878787879,0.3515151515151515,0.2,0.7575757575757576,0.6666666666666666,0.48484848484848486,330,0.42424242424242425,0.1455992032109287,0.2804541072940161,0.4357359490586086,0.601716571171268,0.43636363636363634,0.38181818181818183,0.3181818181818182,0.1606060606060606,0.9090909090909091,0.8181818181818182,0.6363636363636364
51,61,99,0.3031068142468404,0.8562378768170512,99,0.41414141414141414,0.18725595579310725,0.28537648163847096,0.3253178245540222,0.5240862531163082,0.4444444444444444,0.35353535353535354,0.3333333333333333,0.16161616161616163,0.7272727272727273,0.6060606060606061,0.3939393939393939,165,0.4484848484848485,0.18264216703675507,0.30265022304637884,0.3914365026076639,0.5753488727839746,0.4666666666666667,0.4,0.36363636363636365,0.18181818181818182,0.7878787878787878,0.696969696969697,0.5151515151515151,330,0.4090909090909091,0.1387782729307255,0.28747908457372034,0.4037049088014912,0.5782218114209622,0.42424242424242425,0.36363636363636365,0.31212121212121213,0.15757575757575756,0.8787878787878788,0.8181818181818182,0.6060606060606061
52,61,97,0.300507960516157,0.8562249808019199,99,0.494949494949495,0.2225276082999211,0.4376279270638091,0.49796317996819706,0.7322757848816375,0.5050505050505051,0.43434343434343436,0.3838383838383838,0.1717171717171717,0.7575757575757576,0.6363636363636364,0.3333333333333333,165,0.4727272727272727,0.19699906464790315,0.39535687660445246,0.5929041288439688,0.7800213465373748,0.4909090909090909,0.4303030303030303,0.37575757575757573,0.18787878787878787,0.8484848484848485,0.696969696969697,0.45454545454545453,330,0.44242424242424244,0.1575013109482309,0.31911791392014804,0.4550560516300041,0.6262626557481281,0.4575757575757576,0.403030303030303,0.3424242424242424,0.17575757575757575,0.9090909090909091,0.8181818181818182,0.6060606060606061
53,61,98,0.31063473293983557,0.8544159299220986,99,0.5050505050505051,0.2847165853543861,0.43202749295642084,0.727457958643494,0.9023138518940007,0.5151515151515151,0.47474747474747475,0.42424242424242425,0.25252525252525254,0.7878787878787878,0.696969696969697,0.48484848484848486,165,0.46060606060606063,0.21727232553195824,0.3507239717555886,0.565079905879277,0.7299016560469299,0.4727272727272727,0.4303030303030303,0.37575757575757573,0.23030303030303031,0.8484848484848485,0.7878787878787878,0.6060606060606061,330,0.4484848484848485,0.15003062060645478,0.3214265951231572,0.4947588873567149,0.6426138164753729,0.4636363636363636,0.403030303030303,0.3424242424242424,0.18484848484848485,0.9090909090909091,0.8181818181818182,0.7272727272727273
54,61,103,0.3027291753056895,0.8546990054147343,99,0.48484848484848486,0.24310298243827852,0.3566723147224709,0.4172409725792567,0.6104741395057061,0.48484848484848486,0.40404040404040403,0.37373737373737376,0.1919191919191919,0.8484848484848485,0.6666666666666666,0.3939393939393939,165,0.45454545454545453,0.18431340027186133,0.29284044433849266,0.3814455672210638,0.5573958042758134,0.45454545454545453,0.4,0.36363636363636365,0.17575757575757575,0.8484848484848485,0.7272727272727273,0.5151515151515151,330,0.4212121212121212,0.13812263292872984,0.28042539863613547,0.3521624729221631,0.5272593571076709,0.4303030303030303,0.3696969696969697,0.30606060606060603,0.15757575757575756,0.9393939393939394,0.7878787878787878,0.5454545454545454
55,61,100,0.2885725665935849,0.8540286249079898,99,0.42424242424242425,0.22574842829319489,0.33130202944577664,0.48936981285350295,0.6725240552379842,0.42424242424242425,0.40404040404040403,0.36363636363636365,0.1919191919191919,0.7272727272727273,0.6363636363636364,0.42424242424242425,165,0.42424242424242425,0.18711422314244786,0.292155805751826,0.42727517142809235,0.6109995132130019,0.43636363636363634,0.38181818181818183,0.3393939393939394,0.1696969696969697,0.8484848484848485,0.7575757575757576,0.5151515151515151,330,0.41515151515151516,0.1396833332630006,0.2729309471025826,0.43506498190777637,0.6042324748157698,0.42727272727272725,0.37272727272727274,0.3212121212121212,0.16363636363636364,0.9393939393939394,0.8181818181818182,0.6060606060606061
56,61,104,0.30397349314207817,0.857386895844246,99,0.45454545454545453,0.1890336395836311,0.43520295540042847,0.6013863056908247,0.7890879064855291,0.47474747474747475,0.41414141414141414,0.35353535353535354,0.20202020202020202,0.7575757575757576,0.6363636363636364,0.45454545454545453,165,0.45454545454545453,0.15440842026491705,0.33924268127684654,0.4674393539505896,0.6389627803259399,0.4666666666666667,0.4,0.3393939393939394,0.1696969696969697,0.8181818181818182,0.7575757575757576,0.5151515151515151,330,0.43636363636363634,0.12797937738879214,0.2772209778074916,0.35849044826258913,0.537501447653962,0.44545454545454544,0.38484848484848483,0.32727272727272727,0.15757575757575756,0.9393939393939394,0.7878787878787878,0.6060606060606061
57,61,101,0.31927352474381326,0.8583716366210742,99,0.494949494949495,0.18034531363485237,0.41853913900831496,0.5136688557048457,0.7103714613383213,0.494949494949495,0.40404040404040403,0.36363636363636365,0.21212121212121213,0.7878787878787878,0.6363636363636364,0.45454545454545453,165,0.48484848484848486,0.16081953502072638,0.38390465212986236,0.4857236128428007,0.6556257414320831,0.4909090909090909,0.40606060606060607,0.3515151515151515,0.18787878787878787,0.9090909090909091,0.696969696969697,0.48484848484848486,330,0.4575757575757576,0.1437358058732573,0.3031583004596005,0.47326512661632364,0.622427782865266,0.4636363636363636,0.4,0.3333333333333333,0.1696969696969697,0.9393939393939394,0.8181818181818182,0.6666666666666666
58,61,101,0.2956162222013304,0.8544977373596496,99,0.46464646464646464,0.18158800821230117,0.30784689510745833,0.7040423349404528,0.8526775343026145,0.47474747474747475,0.3939393939393939,0.36363636363636365,0.18181818181818182,0.7575757575757576,0.6363636363636364,0.45454545454545453,165,0.4484848484848485,0.18453320508597382,0.2776873485549237,0.5258060852552393,0.6882807639221109,0.45454545454545453,0.3878787878787879,0.3212121212121212,0.17575757575757575,0.8181818181818182,0.6666666666666666,0.5151515151515151,330,0.4484848484848485,0.1424670354047542,0.2993359465947535,0.4186428570412286,0.6021603040015288,0.46060606060606063,0.38484848484848483,0.3303030303030303,0.15757575757575756,0.8787878787878788,0.7575757575757576,0.5757575757575758
59,61,91,0.2913132120208481,0.8539896449774798,99,0.3939393939393939,0.1094148124091285,0.22531016838662543,0.21020777544467156,0.4283064539800576,0.40404040404040403,0.3333333333333333,0.31313131313131315,0.12121212121212122,0.696969696969697,0.5757575757575758,0.30303030303030304,165,0.40606060606060607,0.10476981410014277,0.22814518891252114,0.36740715987722194,0.5447068690438718,0.4121212121212121,0.3575757575757576,0.3212121212121212,0.13333333333333333,0.8181818181818182,0.6666666666666666,0.42424242424242425,330,0.42727272727272725,0.11743291145635779,0.27126654180043225,0.40289698627156406,0.56858068768881,0.4303030303030303,0.3787878787878788,0.3181818181818182,0.15151515151515152,0.9393939393939394,0.8181818181818182,0.5454545454545454
60,61,103,0.2976025030630653,0.8567741759154446,99,0.43434343434343436,0.17663734707810677,0.2908051242713672,0.3602751159714182,0.547656482012936,0.43434343434343436,0.40404040404040403,0.37373737373737376,0.1414141414141414,0.7575757575757576,0.696969696969697,0.30303030303030304,165,0.3939393939393939,0.12405650427248056,0.2847400363603962,0.4889688316869474,0.653903391139887,0.4,0.3515151515151515,0.3151515151515151,0.14545454545454545,0.7878787878787878,0.7272727272727273,0.42424242424242425,330,0.4212121212121212,0.13059106075442015,0.27201909027916016,0.39268515107593055,0.5615352234578386,0.4303030303030303,0.3787878787878788,0.3242424242424242,0.15757575757575756,0.9393939393939394,0.8484848484848485,0.6363636363636364
61,61,100,0.2869206057004266,0.8517572014691905,99,0.47474747474747475,0.15739556660519896,0.4379095729962588,0.7495632514287086,0.9092574243904158,0.47474747474747475,0.43434343434343436,0.41414141414141414,0.1919191919191919,0.696969696969697,0.6060606060606061,0.3939393939393939,165,0.48484848484848486,0.15568214024766158,0.41763270846306094,0.6293358773786124,0.8075715660813939,0.4909090909090909,0.4303030303030303,0.3878787878787879,0.19393939393939394,0.8181818181818182,0.696969696969697,0.48484848484848486,330,0.43333333333333335,0.14452385745119234,0.3025386641510493,0.43921998679432067,0.611561109593544,0.44242424242424244,0.38484848484848483,0.3181818181818182,0.16666666666666666,0.9090909090909091,0.8181818181818182,0.6060606060606061
62,61,104,0.30372816046064116,0.8556690457957135,99,0.4444444444444444,0.16162240707379907,0.28846329421999417,0.4092428474648427,0.5702241620855796,0.45454545454545453,0.36363636363636365,0.3434343434343434,0.1414141414141414,0.7878787878787878,0.6363636363636364,0.36363636363636365,165,0.41818181818181815,0.13876181842847735,0.2991482804332407,0.4035499603070157,0.5722484362254786,0.42424242424242425,0.36363636363636365,0.3393939393939394,0.17575757575757575,0.8181818181818182,0.696969696969697,0.5151515151515151,330,0.4393939393939394,0.13776187642282728,0.2969426063688559,0.4369777814514319,0.6092308467324188,0.45151515151515154,0.37575757575757573,0.32727272727272727,0.1606060606060606,0.9393939393939394,0.8181818181818182,0.6060606060606061
63,61,96,0.29674933059798875,0.8560702551553544,99,0.3939393939393939,0.13194982975705952,0.28762793438553086,0.3985097727523691,0.5410978730141051,0.41414141414141414,0.35353535353535354,0.32323232323232326,0.1414141414141414,0.6666666666666666,0.5454545454545454,0.3333333333333333,165,0.4484848484848485,0.13880062278822752,0.2835095973602818,0.5060228034885706,0.6465926942669749,0.4666666666666667,0.3939393939393939,0.3393939393939394,0.17575757575757575,0.8484848484848485,0.7272727272727273,0.5151515151515151,330,0.4303030303030303,0.1374119759223329,0.27550842989405877,0.4279911703022044,0.5909342128785603,0.4393939393939394,0.39090909090909093,0.3333333333333333,0.1696969696969697,0.8787878787878788,0.7878787878787878,0.6060606060606061
64,61,102,0.29215474684093307,0.8537115315318186,99,0.4444444444444444,0.22186585844985265,0.31916974296633105,0.4737878638639987,0.6538398063211704,0.45454545454545453,0.40404040404040403,0.3939393939393939,0.20202020202020202,0.7575757575757576,0.696969696969697,0.45454545454545453,165,0.4727272727272727,0.1747927753983634,0.3044562591506369,0.5270623658122415,0.6910757165894685,0.47878787878787876,0.41818181818181815,0.3878787878787879,0.18787878787878787,0.8181818181818182,0.7575757575757576,0.5151515151515151,330,0.41818181818181815,0.13919048091668343,0.26773054976259014,0.4111486383344094,0.5828078652311148,0.42424242424242425,0.3696969696969697,0.3212121212121212,0.15454545454545454,0.8787878787878788,0.8181818181818182,0.5757575757575758
65,61,104,0.29919759893189823,0.8542395782419283,99,0.494949494949495,0.170169083946886,0.3274721351189672,0.6089505501939917,0.7708031862312733,0.494949494949495,0.4444444444444444,0.3939393939393939,0.18181818181818182,0.696969696969697,0.6363636363636364,0.36363636363636365,165,0.4666666666666667,0.15345781647227402,0.2796651681562735,0.4403159186990045,0.6185949905610904,0.4727272727272727,0.41818181818181815,0.3515151515151515,0.16363636363636364,0.7878787878787878,0.696969696969697,0.45454545454545453,330,0.42424242424242425,0.13269580060272584,0.22705778234915205,0.33274069273389,0.5087145389452599,0.43333333333333335,0.3787878787878788,0.30303030303030304,0.15454545454545454,0.9393939393939394,0.7878787878787878,0.6060606060606061
66,61,104,0.2810345754258858,0.8514423901039269,99,0.41414141414141414,0.15815105657221182,0.3844488412976459,0.7161976148477458,0.8644865832992795,0.42424242424242425,0.35353535353535354,0.3333333333333333,0.1919191919191919,0.696969696969697,0.6060606060606061,0.42424242424242425,165,0.41818181818181815,0.12549937765379154,0.3347849180107103,0.5567392728069036,0.7073580988112392,0.4303030303030303,0.36363636363636365,0.3212121212121212,0.1696969696969697,0.7878787878787878,0.6666666666666666,0.48484848484848486,330,0.41515151515151516,0.1338246435541876,0.2737499847555194,0.4534931047655751,0.5978721037124316,0.4303030303030303,0.3696969696969697,0.31212121212121213,0.1606060606060606,0.8484848484848485,0.7272727272727273,0.6060606060606061
67,61,100,0.3002490846680136,0.8556079356663976,99,0.40404040404040403,0.18091574893686568,0.3855172783760871,0.5311531885885413,0.7178258104409075,0.41414141414141414,0.37373737373737376,0.3333333333333333,0.1717171717171717,0.696969696969697,0.5757575757575758,0.3939393939393939,165,0.41818181818181815,0.1337345845225384,0.3194864162809742,0.45167927419416876,0.6295811060939648,0.4303030303030303,0.3696969696969697,0.32727272727272727,0.16363636363636364,0.7878787878787878,0.6363636363636364,0.48484848484848486,330,0.41515151515151516,0.1189338334652698,0.2653601905695109,0.4052876764550854,0.5711659138043087,0.42727272727272725,0.3696969696969697,0.30606060606060603,0.1484848484848485,0.8484848484848485,0.7272727272727273,0.5757575757575758
68,61,98,0.30041645315340076,0.8561391135077532,99,0.3939393939393939,0.08826303463667844,0.2778611998789884,0.30574720837460645,0.46808443338607253,0.40404040404040403,0.35353535353535354,0.31313131313131315,0.1111111111111111,0.6060606060606061,0.48484848484848486,0.24242424242424243,165,0.44242424242424244,0.15505185818372727,0.33919233095292955,0.4374596256063122,0.6099813051011809,0.45454545454545453,0.3878787878787879,0.36363636363636365,0.17575757575757575,0.8181818181818182,0.6666666666666666,0.45454545454545453,330,0.4484848484848485,0.14935187993517018,0.31226377697957014,0.39773851452327824,0.5789498929945369,0.46060606060606063,0.396969696969697,0.33636363636363636,0.1696969696969697,0.9393939393939394,0.8181818181818182,0.6060606060606061
69,61,98,0.2914980344276813,0.8556742466577828,99,0.4444444444444444,0.20923897994714347,0.4849507117612881,0.8007445718608683,0.9773814661602914,0.45454545454545453,0.40404040404040403,0.37373737373737376,0.21212121212121213,0.7272727272727273,0.5757575757575758,0.36363636363636365,165,0.4666666666666667,0.18206127408198722,0.41796355840825067,0.6549442951102215,0.823635573041703,0.4727272727272727,0.42424242424242425,0.36363636363636365,0.21212121212121213,0.8181818181818182,0.7272727272727273,0.5151515151515151,330,0.44242424242424244,0.14276951915655572,0.30076421585630325,0.46698067957807515,0.63121840218196,0.45151515151515154,0.396969696969697,0.3393939393939394,0.18181818181818182,0.9090909090909091,0.7878787878787878,0.6363636363636364
70,61,100,0.3100898896818017,0.8570540672068133,99,0.45454545454545453,0.1627091156883184,0.2755921884287359,0.549457845032727,0.7115076766848327,0.47474747474747475,0.43434343434343436,0.37373737373737376,0.18181818181818182,0.7878787878787878,0.6363636363636364,0.3939393939393939,165,0.46060606060606063,0.17637310862496366,0.2975582417831309,0.4999054933926412,0.6653972671227455,0.47878787878787876,0.4121212121212121,0.36363636363636365,0.18181818181818182,0.8787878787878788,0.7878787878787878,0.5454545454545454,330,0.4636363636363636,0.16351034235145254,0.31337720896637944,0.4434025604403646,0.6169479980762606,0.47575757575757577,0.39090909090909093,0.3212121212121212,0.16363636363636364,0.9393939393939394,0.8181818181818182,0.6363636363636364
71,61,96,0.2983226554144633,0.8559776479685063,99,0.46464646464646464,0.21042515909185275,0.4315296152077638,0.5659535072497958,0.7575219264816422,0.47474747474747475,0.40404040404040403,0.37373737373737376,0.2222222222222222,0.7575757575757576,0.6060606060606061,0.45454545454545453,165,0.48484848484848486,0.19150740724216164,0.4186257151115298,0.6643589758117123,0.8355698016128137,0.4909090909090909,0.42424242424242425,0.3878787878787879,0.20606060606060606,0.8181818181818182,0.7272727272727273,0.5454545454545454,330,0.44242424242424244,0.1450220937967651,0.30559813934525965,0.46191562433838546,0.6215882240753043,0.4575757575757576,0.39090909090909093,0.33636363636363636,0.17272727272727273,0.8787878787878788,0.8181818181818182,0.6363636363636364
72,61,103,0.2968241626683339,0.8542352265001967,99,0.3838383838383838,0.2114591333820801,0.34835678091307437,0.4170994907370139,0.5985487746559914,0.40404040404040403,0.3434343434343434,0.29292929292929293,0.16161616161616163,0.7272727272727273,0.5454545454545454,0.36363636363636365,165,0.4303030303030303,0.18801190236009507,0.3615407522457542,0.4917633988260582,0.6570169328735662,0.44242424242424244,0.3878787878787879,0.3212121212121212,0.18181818181818182,0.7878787878787878,0.696969696969697,0.5151515151515151,330,0.4212121212121212,0.14239577791387345,0.2951814040696902,0.4473734426592829,0.6090672907459062,0.43333333333333335,0.3696969696969697,0.30606060606060603,0.1606060606060606,0.8787878787878788,0.8181818181818182,0.6060606060606061
73,61,104,0.29742788637303774,0.8547766733906382,99,0.43434343434343436,0.12936011944279177,0.24282199602251628,0.4041014525492781,0.5531941036038365,0.45454545454545453,0.3838383838383838,0.3333333333333333,0.1717171717171717,0.7575757575757576,0.6060606060606061,0.36363636363636365,165,0.41818181818181815,0.17065541228095338,0.2960853115086195,0.43580247185663484,0.6166235141132255,0.44242424242424244,0.37575757575757573,0.3151515151515151,0.1696969696969697,0.8787878787878788,0.696969696969697,0.5151515151515151,330,0.4393939393939394,0.1295469933572218,0.270785824226944,0.456044969896957,0.6084278052508475,0.45454545454545453,0.38181818181818183,0.31212121212121213,0.16363636363636364,0.9393939393939394,0.7575757575757576,0.6363636363636364
74,61,96,0.2849885054717869,0.8545203451886454,99,0.47474747474747475,0.18178584998027517,0.36195564562333604,0.673378524635049,0.8711932420010625,0.48484848484848486,0.43434343434343436,0.3939393939393939,0.20202020202020202,0.7575757575757576,0.6060606060606061,0.45454545454545453,165,0.4303030303030303,0.15778206547992144,0.3480100864880588,0.5791709685946266,0.7577056481556655,0.43636363636363634,0.3878787878787879,0.3515151515151515,0.17575757575757575,0.7878787878787878,0.696969696969697,0.5151515151515151,330,0.40606060606060607,0.11371820201369823,0.25453499491260656,0.40569535629314685,0.5751780245231997,0.41515151515151516,0.36363636363636365,0.3,0.15454545454545454,0.8787878787878788,0.7878787878787878,0.5454545454545454
75,61,97,0.3029067550840397,0.858056082275515,99,0.41414141414141414,0.19292309091135917,0.37309155635469776,0.4172205035646196,0.6243531281451569,0.42424242424242425,0.36363636363636365,0.3333333333333333,0.18181818181818182,0.7575757575757576,0.6666666666666666,0.36363636363636365,165,0.41818181818181815,0.1898571988422328,0.3702273073463696,0.4990369250285852,0.7003568144998564,0.4303030303030303,0.3696969696969697,0.3212121212121212,0.18181818181818182,0.8484848484848485,0.6666666666666666,0.42424242424242425,330,0.42424242424242425,0.12895533665201514,0.28394652044417457,0.41964218660579766,0.5943591823072732,0.43333333333333335,0.3787878787878788,0.32727272727272727,0.1696969696969697,0.8787878787878788,0.8181818181818182,0.6060606060606061
76,61,100,0.292628919668668,0.8534343733465373,99,0.45454545454545453,0.20104154030972585,0.48943946475809397,0.6400374659092936,0.8643021610436968,0.46464646464646464,0.42424242424242425,0.3434343434343434,0.21212121212121213,0.8484848484848485,0.6666666666666666,0.45454545454545453,165,0.45454545454545453,0.17937082923866604,0.3862753594857677,0.5078475434580138,0.7131524764252932,0.46060606060606063,0.4121212121212121,0.3575757575757576,0.2,0.8484848484848485,0.7575757575757576,0.5757575757575758,330,0.42424242424242425,0.12807930669038078,0.2713445124550536,0.42445634385643005,0.597145398482942,0.4393939393939394,0.37575757575757573,0.3181818181818182,0.16363636363636364,0.9393939393939394,0.8181818181818182,0.6060606060606061
77,61,97,0.2867745580195313,0.8535983331767768,99,0.42424242424242425,0.19554672656789232,0.28820968989519613,0.4266566391123697,0.600926342166062,0.43434343434343436,0.3838383838383838,0.35353535353535354,0.1717171717171717,0.7575757575757576,0.6363636363636364,0.42424242424242425,165,0.3939393939393939,0.15349428477335078,0.31408835321123274,0.41052559076313044,0.5784986946936259,0.4121212121212121,0.36363636363636365,0.3212121212121212,0.17575757575757575,0.8181818181818182,0.6666666666666666,0.5151515151515151,330,0.396969696969697,0.12101285873905679,0.2666380958000879,0.4044878184178697,0.5682798656172368,0.4121212121212121,0.35454545454545455,0.30303030303030304,0.1606060606060606,0.8787878787878788,0.7272727272727273,0.5757575757575758
78,61,101,0.29050928533093906,0.8540633857718213,99,0.45454545454545453,0.16100939082999557,0.43398262286007966,0.7195722140927502,0.8878478828780931,0.46464646464646464,0.42424242424242425,0.3939393939393939,0.21212121212121213,0.7272727272727273,0.6363636363636364,0.42424242424242425,165,0.4666666666666667,0.18027932832352123,0.3781089367482579,0.6060414234179584,0.7709845100304221,0.4727272727272727,0.42424242424242425,0.38181818181818183,0.18787878787878787,0.8484848484848485,0.7878787878787878,0.5151515151515151,330,0.45151515151515154,0.14985938908969937,0.30534050131491275,0.4444053273973337,0.6220156729710443,0.46060606060606063,0.4,0.34545454545454546,0.1696969696969697,0.9090909090909091,0.8181818181818182,0.6060606060606061
79,61,100,0.29933327703123414,0.8548339359434232,99,0.43434343434343436,0.1611272233284444,0.28566633697824034,0.6105762461994659,0.7489246045976516,0.4444444444444444,0.3939393939393939,0.35353535353535354,0.18181818181818182,0.7878787878787878,0.6666666666666666,0.45454545454545453,165,0.42424242424242425,0.12547348266767644,0.30685070695905786,0.5690467500809969,0.7151263630477359,0.43636363636363634,0.3696969696969697,0.32727272727272727,0.16363636363636364,0.8181818181818182,0.696969696969697,0.48484848484848486,330,0.4484848484848485,0.14671887855778204,0.3081022951808842,0.45299549917052084,0.6241635362311612,0.4575757575757576,0.39090909090909093,0.3333333333333333,0.1606060606060606,0.8787878787878788,0.8181818181818182,0.6060606060606061
80,61,96,0.3020408714713295,0.8567896723616106,99,0.45454545454545453,0.13739486774405027,0.2962709546958592,0.39974628497632775,0.5552982719684687,0.47474747474747475,0.3939393939393939,0.36363636363636365,0.16161616161616163,0.696969696969697,0.6060606060606061,0.3939393939393939,165,0.42424242424242425,0.15067400962650052,0.2714070966061619,0.44968055171713456,0.6171614691118733,0.44242424242424244,0.3696969696969697,0.32727272727272727,0.16363636363636364,0.7878787878787878,0.6363636363636364,0.5151515151515151,330,0.4393939393939394,0.14199358387928168,0.27017844465780627,0.41603033374905524,0.5800393780835884,0.45454545454545453,0.37272727272727274,0.3181818181818182,0.1606060606060606,0.9090909090909091,0.7575757575757576,0.5757575757575758
81,61,97,0.30060956568236485,0.8547700927080198,99,0.42424242424242425,0.10633237210874373,0.2607373641810195,0.37368688149045826,0.5383051052647847,0.4444444444444444,0.3838383838383838,0.3434343434343434,0.13131313131313133,0.696969696969697,0.6060606060606061,0.2727272727272727,165,0.4303030303030303,0.14498734636742788,0.2609336778480071,0.3802011639084315,0.5568225275171244,0.44242424242424244,0.3878787878787879,0.3333333333333333,0.14545454545454545,0.7575757575757576,0.7272727272727273,0.42424242424242425,330,0.46060606060606063,0.15403722216789573,0.31166984323339525,0.45669235835380884,0.6269350023376264,0.4727272727272727,0.403030303030303,0.3303030303030303,0.1696969696969697,0.9090909090909091,0.8181818181818182,0.5757575757575758
82,61,105,0.29676180494852444,0.8555929168504216,99,0.4444444444444444,0.21566009706359482,0.3725475114026547,0.54060233590428,0.7179932509126387,0.45454545454545453,0.40404040404040403,0.3939393939393939,0.20202020202020202,0.7575757575757576,0.6363636363636364,0.45454545454545453,165,0.4,0.15065834263959305,0.2500889463007851,0.37721228059618095,0.5564387248869178,0.40606060606060607,0.36363636363636365,0.3151515151515151,0.16363636363636364,0.7878787878787878,0.696969696969697,0.48484848484848486,330,0.4212121212121212,0.12800936681737632,0.2622011898876321,0.40042715015153324,0.5708728261868188,0.42424242424242425,0.37575757575757573,0.3212121212121212,0.16666666666666666,0.9090909090909091,0.7878787878787878,0.6060606060606061
83,61,101,0.3127304523838919,0.8560592431259728,99,0.40404040404040403,0.15497077331147344,0.2279306137954939,0.31869621235966805,0.47532736396100006,0.40404040404040403,0.37373737373737376,0.31313131313131315,0.13131313131313133,0.6363636363636364,0.5454545454545454,0.30303030303030304,165,0.4484848484848485,0.1818779668247429,0.32113613364840654,0.41211973159165827,0.581782118615241,0.4666666666666667,0.3878787878787879,0.3333333333333333,0.15151515151515152,0.7878787878787878,0.6666666666666666,0.48484848484848486,330,0.43636363636363634,0.15187262754475256,0.3050914755382819,0.43897610822524447,0.5995613174438684,0.45151515151515154,0.3787878787878788,0.3242424242424242,0.16363636363636364,0.9393939393939394,0.8181818181818182,0.6060606060606061
84,61,104,0.2943529224734555,0.8545006827458217,99,0.4444444444444444,0.18694659435743546,0.27379636618477027,0.6026092173828769,0.7635075406957278,0.45454545454545453,0.40404040404040403,0.3333333333333333,0.15151515151515152,0.8181818181818182,0.6363636363636364,0.3939393939393939,165,0.42424242424242425,0.16803201186392705,0.2981769492761774,0.5220439944749955,0.7130384604581885,0.43636363636363634,0.3878787878787879,0.3393939393939394,0.17575757575757575,0.8787878787878788,0.7575757575757576,0.5454545454545454,330,0.43636363636363634,0.12705761232729648,0.2716936966216017,0.4380123516478316,0.6045348907900422,0.44545454545454544,0.396969696969697,0.3333333333333333,0.16666666666666666,0.9696969696969697,0.8181818181818182,0.6060606060606061
85,61,102,0.2887278627149337,0.8510623822177219,99,0.4444444444444444,0.18868908325964937,0.2598170365260373,0.37182481740968143,0.5598653325561919,0.45454545454545453,0.41414141414141414,0.3939393939393939,0.15151515151515152,0.7272727272727273,0.696969696969697,0.3939393939393939,165,0.46060606060606063,0.18585547507214079,0.2680746824326614,0.35514625384822696,0.5408199528375122,0.4727272727272727,0.40606060606060607,0.3696969696969697,0.1696969696969697,0.8181818181818182,0.7272727272727273,0.5151515151515151,330,0.4575757575757576,0.14381783008472232,0.2932237253759568,0.3927361730914511,0.5665856891267425,0.4696969696969697,0.396969696969697,0.32727272727272727,0.15757575757575756,0.9393939393939394,0.7878787878787878,0.5757575757575758
86,61,103,0.3029992155846215,0.8541667661729562,99,0.4444444444444444,0.1886969177617914,0.42285319870443533,0.7585974816651562,0.9437243824869608,0.45454545454545453,0.3838383838383838,0.3333333333333333,0.20202020202020202,0.7878787878787878,0.6363636363636364,0.45454545454545453,165,0.42424242424242425,0.16964323198833858,0.37728515188166767,0.5828974774016731,0.7791170379242252,0.4303030303030303,0.3696969696969697,0.3151515151515151,0.19393939393939394,0.8181818181818182,0.696969696969697,0.5151515151515151,330,0.45151515151515154,0.14534827022285626,0.3063269221877448,0.44972377486257736,0.6211566893315676,0.45454545454545453,0.396969696969697,0.3333333333333333,0.1606060606060606,0.9090909090909091,0.7878787878787878,0.5151515151515151
87,61,98,0.29939817948021047,0.8555094907772263,99,0.46464646464646464,0.22877121527808889,0.4314270792699757,0.4999933642341673,0.7075790664788698,0.47474747474747475,0.42424242424242425,0.3838383838383838,0.1919191919191919,0.7878787878787878,0.6363636363636364,0.42424242424242425,165,0.4303030303030303,0.1814232939090564,0.37509779317185277,0.5515120975803752,0.7341153600556328,0.44242424242424244,0.38181818181818183,0.3393939393939394,0.18181818181818182,0.8181818181818182,0.7272727272727273,0.5454545454545454,330,0.44242424242424244,0.13955997846574433,0.29871278618564184,0.4598033311941011,0.6239749000035522,0.4575757575757576,0.39090909090909093,0.3303030303030303,0.17575757575757575,0.9090909090909091,0.8484848484848485,0.6060606060606061
88,61,101,0.27805685410739045,0.8516155310478198,99,0.47474747474747475,0.22920074456543124,0.3306053399520806,0.631352991002595,0.8025801400674065,0.47474747474747475,0.4444444444444444,0.41414141414141414,0.1919191919191919,0.7575757575757576,0.7272727272727273,0.42424242424242425,165,0.44242424242424244,0.16545906518527478,0.3496456256291112,0.5568447316634174,0.7144732865088148,0.4484848484848485,0.41818181818181815,0.38181818181818183,0.18181818181818182,0.7878787878787878,0.7575757575757576,0.5151515151515151,330,0.42727272727272725,0.13896716846805787,0.29365436207531176,0.4427137587186005,0.6127847308629634,0.43636363636363634,0.38484848484848483,0.3424242424242424,0.1696969696969697,0.9393939393939394,0.8181818181818182,0.6363636363636364
89,61,93,0.3132238729345576,0.8575836529475356,99,0.494949494949495,0.22845355251939692,0.4933782848239899,0.7823105387859948,0.9394451421979859,0.5050505050505051,0.4444444444444444,0.40404040404040403,0.20202020202020202,0.7878787878787878,0.7272727272727273,0.48484848484848486,165,0.4666666666666667,0.18863233775879765,0.4454214073117901,0.6633409617541202,0.810262391417232,0.4727272727272727,0.41818181818181815,0.3575757575757576,0.18787878787878787,0.8484848484848485,0.7575757575757576,0.5151515151515151,330,0.46060606060606063,0.1588303818226305,0.3222918121822245,0.4851183760362237,0.6406201630307743,0.4727272727272727,0.4090909090909091,0.34545454545454546,0.17575757575757575,0.9090909090909091,0.8181818181818182,0.6363636363636364
90,61,102,0.31496535493198397,0.8581264265885052,99,0.494949494949495,0.22141752080059587,0.3987764666778744,0.5254786281922694,0.7258330587503385,0.5050505050505051,0.43434343434343436,0.37373737373737376,0.21212121212121213,0.7878787878787878,0.6363636363636364,0.45454545454545453,165,0.49696969696969695,0.19028838287468391,0.3727840746823001,0.6171866246386521,0.7893100994738298,0.509090909090909,0.44242424242424244,0.3878787878787879,0.2,0.8787878787878788,0.7272727272727273,0.5454545454545454,330,0.43636363636363634,0.132574136478475,0.30244294332936567,0.4467755918182465,0.6148066138345715,0.44545454545454544,0.39090909090909093,0.3333333333333333,0.17272727272727273,0.8787878787878788,0.8181818181818182,0.6060606060606061
91,61,99,0.29904644092609817,0.8547086641585775,99,0.41414141414141414,0.11504547195966815,0.2602258461933459,0.37107221531419393,0.5255071130978477,0.42424242424242425,0.36363636363636365,0.32323232323232326,0.16161616161616163,0.6666666666666666,0.6060606060606061,0.3939393939393939,165,0.4121212121212121,0.10554976636991616,0.293437807857238,0.5032626721203729,0.6523114633952792,0.41818181818181815,0.3696969696969697,0.32727272727272727,0.1696969696969697,0.696969696969697,0.6363636363636364,0.48484848484848486,330,0.42424242424242425,0.11516296272327571,0.2738393503041045,0.4269605662702951,0.5881379565652478,0.43333333333333335,0.37272727272727274,0.31212121212121213,0.1606060606060606,0.8484848484848485,0.696969696969697,0.5757575757575758
92,61,100,0.2911496593887328,0.8556973851869895,99,0.46464646464646464,0.19208772836188456,0.37909209218500345,0.4938236742411187,0.6699796390275242,0.47474747474747475,0.3939393939393939,0.35353535353535354,0.16161616161616163,0.7878787878787878,0.6060606060606061,0.42424242424242425,165,0.45454545454545453,0.16803814959063446,0.3245230900520206,0.42069755040490475,0.6009081867676965,0.4666666666666667,0.3878787878787879,0.3393939393939394,0.1696969696969697,0.7878787878787878,0.696969696969697,0.5151515151515151,330,0.41515151515151516,0.13270887536752246,0.26562403566140713,0.40889693464149857,0.5694302971547891,0.42727272727272725,0.36666666666666664,0.3151515151515151,0.1606060606060606,0.8484848484848485,0.8181818181818182,0.6666666666666666
93,61,99,0.2929552631073444,0.856175174587102,99,0.42424242424242425,0.1448092660969777,0.2223944650904815,0.32503789590508314,0.4908575138730056,0.43434343434343436,0.37373737373737376,0.32323232323232326,0.1414141414141414,0.7272727272727273,0.6060606060606061,0.3939393939393939,165,0.43636363636363634,0.15874164992286507,0.2701778675824786,0.33705502140062893,0.521507977777877,0.45454545454545453,0.3878787878787879,0.34545454545454546,0.16363636363636364,0.8787878787878788,0.696969696969697,0.48484848484848486,330,0.42727272727272725,0.13352082915803243,0.2740648120999957,0.4219572093015912,0.5866010738853071,0.43636363636363634,0.37272727272727274,0.3151515151515151,0.16666666666666666,0.9393939393939394,0.8181818181818182,0.6060606060606061
94,61,100,0.3009674682081777,0.8562176306039953,99,0.46464646464646464,0.23087771893168005,0.34073279207780827,0.41350869890508557,0.6102185671057622,0.47474747474747475,0.41414141414141414,0.36363636363636365,0.18181818181818182,0.7575757575757576,0.6363636363636364,0.3939393939393939,165,0.44242424242424244,0.18012371353784803,0.353762853724738,0.5445641286036107,0.7183267460012737,0.45454545454545453,0.4,0.3515151515151515,0.2,0.8484848484848485,0.7272727272727273,0.5454545454545454,330,0.42424242424242425,0.13432691549748318,0.26837369996014426,0.4009325425950171,0.5761711785599491,0.43636363636363634,0.37272727272727274,0.3181818181818182,0.15454545454545454,0.9393939393939394,0.8181818181818182,0.5454545454545454
95,61,103,0.2979164762949297,0.8556048841401834,99,0.3939393939393939,0.171384116608046,0.2668197193713261,0.5718512904012082,0.7172720445617319,0.41414141414141414,0.35353535353535354,0.31313131313131315,0.18181818181818182,0.696969696969697,0.6060606060606061,0.3939393939393939,165,0.44242424242424244,0.17283842558651635,0.2637127415478116,0.48587461023258705,0.639832991951859,0.45454545454545453,0.3939393939393939,0.34545454545454546,0.18181818181818182,0.8181818181818182,0.7272727272727273,0.5151515151515151,330,0.43333333333333335,0.13921119898623935,0.2919649111585033,0.4403886255721114,0.6049304922936951,0.44545454545454544,0.38484848484848483,0.3212121212121212,0.16363636363636364,0.9090909090909091,0.7878787878787878,0.5757575757575758
96,61,99,0.29564519193110206,0.8562965722604061,99,0.3838383838383838,0.12852214847899848,0.319938511415012,0.5710532193487453,0.7459794152104432,0.3939393939393939,0.3333333333333333,0.30303030303030304,0.1414141414141414,0.7272727272727273,0.5757575757575758,0.36363636363636365,165,0.3939393939393939,0.14926038631007685,0.3248602642965495,0.5124692698076899,0.689912790517738,0.4,0.34545454545454546,0.3090909090909091,0.15151515151515152,0.7575757575757576,0.6363636363636364,0.5151515151515151,330,0.4121212121212121,0.13095991280868927,0.2714683518936586,0.4194959812752226,0.5914294332061861,0.4212121212121212,0.36666666666666664,0.31212121212121213,0.15757575757575756,0.8484848484848485,0.7575757575757576,0.5757575757575758
97,61,102,0.29833060381131793,0.8532651065141859,99,0.43434343434343436,0.12612484282441558,0.2671618625273342,0.5310237217137084,0.6856458805224984,0.4444444444444444,0.3838383838383838,0.36363636363636365,0.18181818181818182,0.696969696969697,0.6363636363636364,0.3939393939393939,165,0.42424242424242425,0.1346988589256807,0.2572842182968081,0.44840096991419764,0.6099870262621441,0.4303030303030303,0.37575757575757573,0.3393939393939394,0.1696969696969697,0.7575757575757576,0.696969696969697,0.45454545454545453,330,0.45454545454545453,0.13965808561019216,0.2802494340421443,0.4111141841743971,0.5797398977719108,0.4636363636363636,0.403030303030303,0.33636363636363636,0.16363636363636364,0.8787878787878788,0.8181818181818182,0.6060606060606061
98,61,97,0.3137531949536344,0.8541542151129621,99,0.5050505050505051,0.26261960324582395,0.4991971770408011,0.6764220334524115,0.8634371859302737,0.5050505050505051,0.4444444444444444,0.41414141414141414,0.26262626262626265,0.7575757575757576,0.6363636363636364,0.45454545454545453,165,0.4727272727272727,0.2045058116242538,0.43767698077107786,0.6608767351343489,0.8364098342314042,0.47878787878787876,0.42424242424242425,0.3878787878787879,0.23030303030303031,0.8787878787878788,0.7272727272727273,0.5454545454545454,330,0.44545454545454544,0.14984607447714232,0.3068536197089179,0.4471341009097707,0.6169062174440996,0.46060606060606063,0.39090909090909093,0.32727272727272727,0.16363636363636364,0.9696969696969697,0.8181818181818182,0.6060606060606061
99,61,103,0.30693067103582217,0.8547158286114283,99,0.5151515151515151,0.26972358429818155,0.5850035631671813,0.6669747728395057,0.8875036926001897,0.5252525252525253,0.48484848484848486,0.4444444444444444,0.25252525252525254,0.8181818181818182,0.7272727272727273,0.48484848484848486,165,0.47878787878787876,0.1995504123834978,0.43495112889987225,0.5941195842933324,0.7958258182802704,0.48484848484848486,0.43636363636363634,0.3939393939393939,0.2,0.8484848484848485,0.7272727272727273,0.5151515151515151,330,0.45454545454545453,0.15214571099538685,0.299900643400731,0.45259489510309153,0.6259241332684283,0.46060606060606063,0.4,0.3424242424242424,0.17272727272727273,0.9090909090909091,0.7878787878787878,0.5757575757575758
